Accession	Submission Date	Title	Number of Raw Files
PXD048623	2024-01-17	Mechanism of chaperone coordination during cotranslational protein folding in bacteria	650
PXD034656	2022-06-19	Npl3 functions in mRNP assembly by recruitment of mRNP components to the transcription site and their transfer onto the mRNA	639
PXD038515	2022-12-02	TurboID reveals the interaction network of VESICLE-INDUCING PROTEIN IN PLASTIDS (VIPPs) in Chlamydomonas reinhardtii	632
PXD022903	2020-12-04	Combined Peptide array screen and proximity labeling proteomics fine map C/EBPa protein interactions	578
PXD024800	2021-03-17	Comprehensive micro-scaled proteome and phosphoproteome characterization of archived retrospective cancer repositories	529
PXD021114	2020-08-25	HspB8 controls hardening and molecular aging of FUS condensates by domain-specific protein interactions Part 1	517
PXD034796	2022-06-21	The CX-MS-based quantifitative proteomic analysis of interactome of plant nucleus	499
PXD027068	2021-07-02	Interactome analysis of C. elegans synapses by TurboID-based proximity labeling	440
PXD052832	2024-06-04	Crosslinking Interaction Network of Human Mitochondria	425
PXD026244	2021-05-25	Structural probing of Hsp26 activation and client binding by quantitative cross-linking mass spectrometry	413
PXD020602	2020-07-28	Identification of small molecule activators of the ubiquitin ligase E6AP/UBE3A and Angelman syndrome-derived E6AP/UBE3A variants	408
PXD035844	2022-08-07	Utilising crosslinking MS to explore protein structure and interactions	401
PXD033698	2022-05-05	Biochemical and structural insights into SARS-CoV-2 polyprotein processing by Mpro (HDX-MS continuous labeling)	397
PXD003754	2016-04-01	Global Membrane Protein Interactome Analysis using In vivo Crosslinking and MS-based Protein Correlation Profiling	396
PXD022369	2020-11-05	DNA damage-induced chromatome analysis in yeast reveals recruitment of Ubiquitin ligases for efficient DNA repairtest1	384
PXD013928	2019-05-20	Proteome-wide Cross-linking mass spectrometry	344
PXD059118	2024-12-21	Click-linking: a cell-compatible protein crosslinking method based on click chemistry	336
PXD004369	2016-06-20	DSS-induced colitis proteomics after A. caninum ES treatment	334
PXD041608	2023-04-18	Systematic Identification of Post-Transcriptional Regulatory Modules	324
PXD009783	2018-05-15	Proteomic proximity mapping by rapamycin-dependent targeting of APEX2	314
PXD017711	2020-02-25	In-cell architecture of an active transcription-translation complex	314
PXD030633	2021-12-24	Cellular Protein Client Recovery by Human Hsp40s DNAJB1 and DNAJB8	304
PXD055169	2024-08-24	Cysteine-enabled Cleavability to Advance Cross-linking Mass Spectrometry for Global Analysis of Endogenous Protein-Protein Interactions	301
PXD013507	2019-04-15	Modeling of DNA methylation in cis reveals principles of chromatin folding in vivo in the absence of crosslinking and ligation	288
PXD017620	2020-02-19	Cross-linking mass spectrometry of yeast mitochondria grown on different carbon sources reveal Ndi1, Min8 and Pet9 associated with the electron transport chain	280
PXD020859	2020-08-12	Cross-linking mass spectrometry uncovers protein interactions and functional assemblies in synaptic vesicle membranes	278
PXD002929	2015-09-17	Global Membrane Protein Interactome Analysis using In vivo Crosslinking and MS-based Protein Correlation Profiling	276
PXD033452	2022-04-25	SARS-CoV-2 proteins BioID in HEK293	273
PXD005612	2017-05-24	Capturig the Asc1p/RACK1 microenviroment at the head region of the 40S ribosome with quantitative BioID	265
PXD012759	2019-02-18	Crosslinking Proteomics Indicates Effects of Simvastatin on the TLR2 interactome and Reveals ACTR1A as a Novel Regulator of the TLR2 Signal Cascade	252
PXD005461	2016-11-30	Galectin-1 and Galectin-3 interactors	250
PXD003496	2016-01-21	Identification of the UT-A1 Urea Channel Interactome	248
PXD025391	2021-04-14	A3G-Vif-CBFB-CRL5 Cross-Linking with DSSO	247
PXD038018	2023-04-17	Deciphering intercellular signaling complexes by interaction-guided chemical proteomics	246
PXD015751	2019-10-09	Cellular interactome dynamics during paclitaxel treatment	245
PXD049054	2024-01-31	Light-induced targeting enables proteomics on endogenous condensates	244
PXD035195	2022-07-09	A core UPS molecular complement implicates unique endocytic compartments at the parasite-host interface in Giardia lamblia – crosslinking IP conditions	243
PXD014759	2019-07-25	Optimized parameter settings enhance proteome-wide formation of crosslinks on low-abundant proteins	240
PXD021831	2020-10-05	A comprehensive landscape of 60S ribosome biogenesis factors	240
PXD019926	2020-06-22	Expanding the depth and sensitivity of cross-link identification by differential ion mobility using FAIMS	235
PXD010520	2018-07-20	The Human RNA-Binding Proteome and Its Dynamics during Translational Arrest	234
PXD016554	2019-12-03	An experimentally generated peptide database increases the sensitivity in XL-MS of complex samples	230
PXD006660	2017-06-14	Capturing protein communities by structural proteomics in a thermophilic eukaryote	226
PXD051075	2024-03-29	Conventional cell fixation improves performance of in situ crosslinking mass spectrometry while preserving cellular ultrastructure	226
PXD053814	2024-07-10	Discovery of dehydroamino acids and their crosslinks in Alzheimer's Disease	223
PXD048963	2024-01-29	Cobalamins function as allosteric activators of an Angelman syndrome-associated UBE3A/E6AP variant	222
PXD044405	2023-08-07	Identification of a direct interaction between the Fab domains of IgG antibodies and human FcRn upon IgG-FcRn complex formation	220
PXD015435	2019-09-12	Mass spectrometry study of formaldehyde cross-linking of structured proteins	211
PXD013338	2019-04-02	CAPRI RNA binding proteins and domains in Drosophila and Humans	208
PXD017695	2020-02-24	In-cell architecture of an active transcription-translation complex	207
PXD047422	2023-12-01	Structural Host Virus Interactome Profiling of Intact Infected Cells	205
PXD001692	2015-01-19	Protein Structure Determination in Biological Matrices by Mass Spectrometry and Computational Biology	204
PXD000056	2012-10-19	Cyanophora paradoxa muroplast LC-MSMS	200
PXD042599	2023-06-01	Mechanisms of site-specific methylation by a highly conserved elongation factor 1A lysine methyltransferase	193
PXD019724	2020-06-11	Expanding the cross-link coverage of a dihydrazide-based carboxyl-group specific chemical cross-linking strategy - Dataset 1: Model proteins	192
PXD013735	2019-05-07	Systematic Discovery of Deeply Conserved Plant Protein Complexes, Chlamydomonas reinhardtii, DSSO crosslinking	188
PXD016705	2019-12-11	Identifying mTOR regulated RNA binding proteins	183
PXD033107	2022-04-08	A photo-crosslink approach to identify class II SUMO binders	183
PXD031415	2022-02-03	Profiling the diversity of agonist-selective effects on the proximal proteome environment of G protein-coupled receptors	181
PXD030532	2021-12-20	Cross-linking of the Endolysosomal System Reveals Potential Flotillin Structures and Cargo	180
PXD045734	2023-09-27	Dehydroalanine and Dehydrobutyrine in Aging and Cataractous Lenses	180
PXD044625	2023-08-18	Chemoproteomic capture of RNA binding activity in living cells	178
PXD032132	2022-11-03	Cross-link assisted spatial proteomics to map sub-organelle proteomes and membrane protein topology	178
PXD042173	2024-05-02	Proteome-scale recombinant standard datasets for XL-MS	178
PXD006404	2017-04-28	Proteomics analysis of ALK signaling in neuroblastoma cells	176
PXD008550	2018-12-19	An integrated workflow for cross-linking/mass spectrometry	174
PXD005012	2016-11-24	Identifying SAM-binding proteins in D.melanogaster	174
PXD006245	2017-04-03	Fishing for SAM/SAH-binding proteins	172
PXD000490	2015-05-07	Proteomics reveals dynamic assembly of repair complexes during bypass of DNA cross-links, part 1 of 2: CHROMASS DATA	169
PXD036640	2022-09-12	Cross-linking mass spectrometry uncovers interactions between  high-density lipoproteins and the SARS-CoV-2 spike glycoprotein	158
PXD015890	2019-10-18	Proximity Labeling to Map Host-Pathogen Interactions at the Membrane of a Bacteria Containing Vacuole in Chlamydia trachomatis Infected Human Cells	157
PXD015883	2019-10-18	Proximity Labeling to Map Host-Pathogen Interactions at the Membrane of a Bacteria Containing Vacuole in Chlamydia trachomatis Infected Human Cells	157
PXD052307	2024-05-16	Ribosome-inactivation by a widely distributed class of C-tail anchored membrane proteins	156
PXD051493	2024-04-16	Chemical crosslinking of photosystem I antenna proteins	155
PXD042086	2023-05-09	Profiling ubiquitin signaling with UBIMAX reveals DNA damage- and SCFβTRCP-dependent ubiquitylation of the actin-organizing protein Dbn1	152
PXD010222	2018-06-26	Chemical crosslinking mass spectrometry reveals the conformational landscape of the activation helix of PPARγ; a model for ligand-dependent antagonism	150
PXD017382	2020-02-04	How paired PSII-LHCII supercomplexes mediate the stacking of plant thylakoid membranes unveiled by integrative structural mass-spectrometry	150
PXD020709	2020-08-03	Spatiotemporal Profiling of Cytosolic Signaling Complexes in Living Cells by Highly Selective Proximity Proteomics	149
PXD003643	2016-02-16	Blind testing cross-linking/mass spectrometry under the auspices of the 11th critical assessment of methods of protein structure prediction (CASP11)	146
PXD009284	2018-03-21	DNA repair proximity landscape analysis reveals shieldin as a key regulator of NHEJ-dependent processes	144
PXD010002	2018-06-01	Structural dynamics of the E6AP/UBE3A-E6-p53 enzyme-substrate complex	144
PXD025102	2021-03-30	Molecular characterization of a complex of Apoptosis Inducing Factor 1 (AIFM1) with cytochrome c oxidase of the mitochondrial respiratory chain	144
PXD029645	2021-11-10	The tumor suppressor Fhit in complex with the alarmone Ap3A binds to the ribosome and impedes translation	144
PXD053500	2024-06-28	Kinetic principles of chemical cross-link formation for protein-protein interactions	144
PXD018375	2021-04-13	Global mapping of Salmonella enterica-host protein-protein interactions during infection	143
PXD004009	2016-09-27	A whole proteome inventory of background photocrosslinker binding	142
PXD033067	2022-04-07	Mapping subcellular localizations of unannotated microproteins with MicroID	142
PXD014673	2019-07-19	Integrative Structural Characterization of the Human Canonical and Non-canonical Cop9 Signalosome Complexes	141
PXD000883	2016-08-09	RBDmap -  Comprehensive Identification of RNA-Binding Domains in Human Cells	141
PXD053494	2024-06-28	irCLIP-RNP reveals patterns of dynamic protein associations on RNA	141
PXD052917	2024-06-07	Proximity labelling and SILAC based proteomic approach identifies proteins at the interface of homotypic and heterotypic cancer cell interactions.	141
PXD052746	2024-05-31	Proximity labelling and SILAC based proteomic approach identifies proteins at the interface of homotypic and heterotypic cancer cell interactions.	141
PXD060134	2025-01-24	Proximity labelling and SILAC based proteomic approach identifies proteins at the interface of homotypic and heterotypic cancer cell interactions.	141
PXD012157	2018-12-21	Proteomic proximity mapping by rapamycin-dependent targeting of APEX2 to tail-anchored membrane proteins	140
PXD034118	2022-05-25	Combining redox proteomics with proximity labeling to monitor localized cysteine oxidation	140
PXD052480	2024-05-22	PhoXplex: Combining phospho-enrichable crosslinking with isobaric labelling for quantitative proteome-wide mapping of protein interfaces	139
PXD017931	2020-03-09	Integrative Structural Model of DNA-PK Synapsis	138
PXD007513	2018-04-10	Histone interaction landscapes visualized by crosslinking mass spectrometry in intact cell nuclei	137
PXD030619	2021-12-23	Mass Spectrometry Uncovers Protein Interactions and Stoichiometry of Intermediates and Sub-complexes for SNARE Complex Assembly	136
PXD031345	2022-01-30	Normal respiratory chain capacity and physiology in mice with severely reduced levels of mitochondrial respirasomes; Cross-linking of intact mitochondria	132
PXD052022	2024-05-06	Dataset used to guide the development of Scout and bechmark XL-MS search engines	132
PXD056360	2024-09-29	Structural proteomics defines a sequential priming mechanism for the progesterone receptor (XL-MS)	132
PXD027267	2021-07-13	Proxiome at the 40S ribosomal head region according to proximity labeling MS experiments	130
PXD015160	2019-08-27	Cross-linking mass spectrometry of synapses purified from mouse brain	129
PXD004583	2016-07-18	Serial co-immunoprecipitation to expand the protein interactome of the outer mitosomal membrane in Giardia lamblia	127
PXD000260	2013-05-18	Human triple negative breast cancer tissues	126
PXD054489	2024-08-01	A Nitrogen-specific Interactome Analysis Sheds Light on the Role of the SnRK1 and TOR Kinases in Plant Nitrogen Signaling part1 AP-MS and TurboID	126
PXD011036	2018-12-11	Data independent acquisition cross-linking/mass spectrometry	124
PXD050960	2024-03-25	2) Twisting Urea- to Imide-Based Mass Spectrometry-Cleavable Cross-Linkers to Embed Affinity Tags	124
PXD051378	2024-04-12	DNA-Protein Crosslinks Promote cGAS-STING-driven Premature Aging and Embryonic Lethality	124
PXD022675	2020-11-23	Extracellular whole cell cross-liking of B cells (JY)	123
PXD018771	2020-04-24	Proteome-wide cross-linking mass spectrometry of human K562 cells	122
PXD054875	2024-08-14	Lipid- and protein-directed photosensitizer proximity labeling captures the cholesterol interactome	122
PXD010796	2019-04-02	Optimized cross-linking mass spectrometry for in situ interaction proteomics	120
PXD013704	2019-05-03	Systematic Discovery of Deeply Conserved Plant Protein Complexes, DSSO-crosslinked soy (Glycine max)	120
PXD046611	2023-11-02	RAD54L2 mediates a novel mechanism to counter TOP2-DNA adducts	120
PXD040374	2023-02-24	Structural basis of activation and inhibition of the Ca2+/calmodulin-sensitive adenylyl cyclase 8 (XL-MS)	120
PXD044974	2023-08-30	The ULK1 effector BAG2 regulates autophagy initiation by modulating AMBRA1 localization	120
PXD052174	2024-05-10	Protein imbalance from aneuploidy impairs mitochondria - Dataset 4: p62 IP-MS	120
PXD005831	2017-02-01	Concerted regulation of ISWI by an autoinhibitory domain and the H4 N-terminal tail	118
PXD007220	2017-08-08	DSS Microbiota LC-MS/MS	118
PXD004236	2016-05-27	In vivo protein interaction network analysis reveals porin-localized toxin inactivation in antibiotic resistant bacteria	117
PXD038332	2023-03-08	Translation-coupled resolution of RNA-protein crosslinks	117
PXD038655	2022-12-07	K6-Linked Ubiquitylation Marks Formaldehyde-Induced RNA–Protein Crosslinks for Resolution	117
PXD011071	2019-01-30	Defining the RNA Interactome by Total RNA-Associated Protein Purification	116
PXD069512	2025-10-16	Signal Attrition in Whole Cell Crosslinking Mass Spectrometry	116
PXD010317	2018-07-05	cross-linking mass spectrometry of synaptosome	114
PXD014055	2019-11-04	Improving identification of in-organello protein-protein interactions using an affinity-enrichable, isotopically-coded, and mass spectrometry-cleavable chemical crosslinker	113
PXD031114	2022-01-20	Optimized TMT-based quantitative cross-linking mass spectrometry strategy for large-scale interactomic studies	112
PXD026605	2021-06-10	Listeria monocytogenes utilizes the ClpP1/2 proteolytic machinery for fine-tuned substrate degradation at elevated temperatures	112
PXD058191	2024-11-23	Cellular interactome dynamics during heat stress	112
PXD014675	2019-07-19	In Situ Structural Restraints from Crosslinking Mass Spectrometry in Human Mitochondria	110
PXD055280	2024-08-28	Structural proteomic analysis of folding intermediates of FLuc on the human ribosome	109
PXD057404	2024-10-31	RAB GTPase proximity interactome	109
PXD021115	2020-08-25	HspB8 controls molecular aging of FUS condensates by domain-specific protein interactions Part 2	108
PXD030601	2021-12-22	N-terminal COFRADIC on cytosolic proteins of HEK293T cells	108
PXD036884	2022-09-21	Proteome-Wide Photo-Crosslinking Enables Residue-Level Visualization of Protein Interaction Networks in vivo	108
PXD067197	2025-08-11	Molecular mechanism of co-transcriptional H3K36 methylation by SETD2	108
PXD047626	2023-12-07	ECM-Focused Proteomic Analysis of Ear Punch Regeneration in <i>Acomys cahirinus</i>	108
PXD031911	2023-03-13	Spatial, Quantitative and Functional Deconstruction of Virus and Host Protein Interactions Inside Intact Cytomegalovirus Particles	107
PXD015974	2019-10-23	The SecYEG interactome of E. coli: non-competitive binding of PpiD and YidC to the SecYEG translocon	106
PXD035433	2022-07-20	Targeted cross-linker delivery for in situ mapping of protein conformations and interactions in mitochondria	106
PXD023817	2021-01-26	Reverse-phase liquid chromatography (RPLC) in Combination with Tip-Based Strong Cation Exchange (SCX-Tip) Fractionation, ReST, an Alternative Approach for Cross-linked Peptides analysis	105
PXD048567	2024-01-15	Proteomic profiling of a biological sample (human serum) derived from the surface of the AFM chip	105
PXD028002	2021-08-18	Mapping protein interactions in the active TOM-TIM23 supercomplex	104
PXD062639	2025-04-05	Trauma clot proteomics of the insoluble protein fraction	104
PXD008100	2017-11-01	SILAC identifies LAD1 as an oncogenic filamin binder regulating actin dynamics in response to EGF and marking aggressive breast tumors	103
PXD031054	2022-01-18	Quantitative proteomics and in-cell cross-linking reveal cellular reorganisation during early neuronal differentiation of SH-SY5Y cells	102
PXD017715	2020-02-25	Long-term effects on the transcriptome and proteome in Sprague Dawley rat thyroid and plasma after internal low dose 131I exposure	101
PXD027757	2021-08-05	Mitochondrial interactome quantitation reveals structural changes in metabolic machinery in failing murine heart	101
PXD012127	2019-07-16	TEAD1-DBD-DNA interaction studied by structural MS	100
PXD029034	2022-01-11	A Membrane-Permeable and Immobilized Metal Affinity Chromatography (IMAC)-Enrichable Cross-Linking Reagent to Advance In Vivo Cross-Linking Mass Spectrometry	99
PXD045482	2023-09-19	Proximal proteins of the type I interferon signaling cascade	99
PXD051405	2024-04-12	Spatiotemporal Deciphering of Dynamic Proteome during Liquid-Liquid Phase Separation in Living Cells	99
PXD025710	2021-04-29	Characterization of the N- and C-terminal domain interface of the three main apoE isoforms	98
PXD055251	2024-08-27	Structural proteomic analysis of folding intermediates of FLuc on the human ribosome	98
PXD026066	2021-05-18	Revealing the Structural Plasticity of SARS-CoV-2 nsp7 and nsp8 Using Structural Proteomics (HDX-MS)	97
PXD004920	2016-09-12	A complimentary benzophenone cross-linking/mass spectrometry photochemistry	96
PXD008033	2018-06-13	Chromatin protein profiling during the mammalian cell cycle reveals the extent of mitotic preservation of the regulatory landscape	96
PXD029409	2021-10-28	SCAI orchestrates DNA interstrand crosslink repair downstream of FANCI-FANCD2 ubiquitylation (total proteome)	96
PXD029930	2021-11-26	Sensitive detection and structural characterisation of UV-induced cross-links in protein-ribonucleic acid complexes using stable isotope labelling and mass spectrometry	96
PXD049797	2024-02-20	Development of covalent probes to capture Legionella pneumophila effector enzymes	96
PXD023361	2021-01-04	The Cdk8 kinase module regulates Mediator-RNA polymerase II interaction	92
PXD035941	2022-08-10	Cryo-electron microscopy unravels microtubule inner protein networks reinforcing mammalian sperm flagella	92
PXD041309	2023-04-03	Deciphering lineage specification during early embryogenesis using multi-layered proteomics	92
PXD010476	2019-03-25	The natural product elegaphenone potentiates antibiotic effects against Pseudomonas aeruginosa	91
PXD040762	2023-03-10	A proximity proteomics pipeline with improved reproducibility and throughput	91
PXD051322	2024-04-10	An Optimized Miniaturized Filter Aided Sample Preparation Method for Sensitive Cross-linking Mass Spectrometry Analysis of Microscale Samples	91
PXD055476	2024-09-02	Structural proteomic analysis of folding intermediates of FLuc on the human ribosome	91
PXD019101	2020-05-12	CX-MS of DSSO-cross-linked A2M - Structural investigations of human α2-macroglobulin elucidate its native conformation and inhibitory mechanism	90
PXD032222	2022-03-11	Higher dimensional cross-linking with a tetra-reactive cross-linker	90
PXD015394	2019-09-10	A precisely positioned MED12 activation helix stimulates CDK8 kinase activity	88
PXD043976	2023-07-21	Tissue Transglutaminase 2 has higher affinity for relaxed than for stretched fibronectin fibers	88
PXD043107	2023-06-19	PARP1-dependent DNA-protein crosslink repair	88
PXD061173	2025-02-25	In vivo crosslinking and effective 2D enrichment for interactome studies of the nucleosome.	88
PXD065905	2025-07-08	A high-efficiency Azide-A-DSBSO cross-linking-MS protocol for identifying thousands of in vivo protein interactions in single day	88
PXD006816	2017-06-27	mitochondria cross-linking mass spectrometry	87
PXD029833	2021-11-20	A MULTI-DIMENSIONAL INTERACTOMICS VIEW ON THE PLANT SNRK1 KINASE COMPLEX REVEALS A KEY REGULATORY ROLE FOR THE CLASS II T6P SYNTHASE-LIKE PROTEINS – part1 AP-MS dataset	87
PXD047569	2023-12-06	The PRC1 and PRC2 proximal interactome	87
PXD059180	2024-12-23	Temporal photoproximity labeling of ligand-activated EGFR neighborhoods using MultiMap	87
PXD031227	2022-01-25	Reconstitution of 3’-processing of mammalian pre-mRNA reveals a central role of RBBP6	86
PXD029033	2021-10-11	A membrane-permeable and IMAC-enrichable crosslinking reagent for advanced in vivo crosslinking mass spectrometry	86
PXD051261	2024-04-08	AE-MS to profile SLO-human plasma protein interactome landscape; HDX-MS and XL-MS to study protein interaction and dynamics of PLG-SLO	86
PXD018383	2020-04-06	Proximal Biotinylation Based Combinatory Approach for Isolating Plasma Membrane Proteins	85
PXD011774	2018-11-21	An Mtw1 C-terminal motif is crucial for cooperative outer kinetochore assembly in budding yeast	85
PXD006131	2017-03-20	Optimizing the parameters governing the fragmentation of cross-linked peptides in a tribrid mass spectrometer	84
PXD012939	2019-03-04	Quantitative photo-crosslinking mass spectrometry reveals protein structure response to environmental changes	84
PXD024254	2021-02-19	Identification of full length wild-type and mutant huntingtin interacting proteins by crosslinking immunoprecipitation in mice brain cortex	84
PXD029252	2022-04-13	Mimicked synthetic ribosomal protein complex for benchmarking cross-linking mass spectrometry workflows	84
PXD037569	2023-06-27	Spatially resolved mapping of proteome turnover dynamics with subcellular precision	84
PXD002378	2015-06-17	Quantitative cross-linking analysis of chemoresistant HeLa cells	83
PXD035454	2022-07-20	Mapping the protein interaction network of adaptor protein complex in Arabidopsis identifies P34 as a common stability regulator	83
PXD051014	2024-03-27	Profiling the LAM family of contact-site tethers provides mechanistic insights into their regulation and function	83
PXD057705	2024-11-10	Prosit-XL: enhanced cross-linked peptide identification by accurate fragment intensity prediction to study protein-protein interactions and protein structures	82
PXD025562	2021-04-22	In-cell structures of a conserved supramolecular array at the mitochondria-cytoskeleton interface in mammalian sperm	81
PXD004692	2016-08-01	Structure of the Cohesin Loader Scc2-Scc4 and its Binding to a Folded Cohesin	80
PXD008070	2017-10-30	Repurposing human kinase inhibitors to create an antibiotic active against drug-resistant Staphylococcus aureus, persisters and biofilms	79
PXD033702	2022-05-05	Biochemical and structural insights into SARS-CoV-2 polyprotein processing by Mpro (HDX-MS pulse labeling)	79
PXD011772	2018-11-21	The RNA-binding ubiquitin ligase MKRN1 acts as a sensor for ribosome-associated quality control of poly(A)-translation	78
PXD029257	2022-07-14	Astrocyte and neuron subcompartment proteomes reveal distinct cellular and molecular mechanisms of OCD	78
PXD039626	2023-01-24	Proximity-labeling chemoproteomics defines the subcellular cysteinome and inflammation-responsive mitochondrial redoxome	78
PXD055646	2024-09-06	The Fanconi anemia pathway repairs colibactin-induced DNA interstrand cross-links	78
PXD016963	2020-02-24	Fast and highly efficient affinity enrichment of Azide-A-DSBSO cross-linked peptides.	77
PXD028063	2021-08-23	Defining proximity proteomics of Histone modifications by antibody-mediated protein A-APEX2 labeling	77
PXD043595	2023-07-07	Collagen I NTX characterization by CX-MS	77
PXD046267	2023-10-20	Structural insights into protein-RNA interactions within biomolecular condensates using UV cross-linking and mass spectrometry	76
PXD045353	2023-09-13	The type of DNA damage response after Decitabine treatment depends on the level of DNMT activity	76
PXD011806	2018-11-23	Dpf2 interactome in mouse embryonic stem cells	75
PXD024743	2021-03-15	Parallel G-quadruplexes recruit the HSV-1 transcription factor ICP4 to promote viral transcription in herpes virus-infected human cells	75
PXD041328	2023-04-04	Deciphering lineage specification during early embryogenesis using multi-layered proteomics	75
PXD006287	2017-04-11	In culture cross-linking of bacterial cells reveals large scale dynamic protein-protein interactions at the peptide level.	74
PXD023814	2021-01-26	Mapping AT1R biased signaling using proximity-labeling and proteomics identifies diverse actions of biased agonists	74
PXD033764	2022-05-08	Assesing Orthogonality of ER-HRP and cyt-APEX proximity labeling	74
PXD031381	2022-02-01	Structural requirements for photo-induced RNA-protein cross-linking	74
PXD044659	2023-08-19	Targeted RNase H-mediated Extraction of crosslinked RBPs (TREX) for deciphering the region-specific interactome of 45S rRNA	74
PXD011861	2018-12-21	Optimized fragmentation improves the identification of peptides cross-linked using MS-cleavable reagents	72
PXD022163	2020-10-26	Analysing the Mechanism of Mitochondrial Oxidation-induced Cell Death Using a Multifunctional Iridium(III) Photosensitiser	72
PXD026035	2021-05-17	Proteomics analysis of cellular nucleic acid binding proteins	72
PXD025923	2021-05-11	Human Cell Lines Interactomics Comparison	72
PXD055284	2024-08-28	DSSBU: novel cross-linker tested on bovine serum albumin and human hemoglobin	72
PXD057492	2024-11-04	Usutu virus NS4A induces autophagy and is targeted by the selective autophagy receptor p62/SQSTM1 for degradation	72
PXD002880	2015-09-09	mRNA binding -  Insights into RNA biology from an atlas of mammalian mRNA-binding proteins	71
PXD022690	2020-11-24	Enabling Photoactivated Cross-linking Mass Spectrometric Analysis of Protein Complexes by Novel MS-cleavable Cross-linkers	71
PXD003664	2016-02-19	Serial interactome capture of the human cell nucleus	68
PXD041066	2023-03-23	Quantitative proteomics identifies tumour matrisome signatures in patients with non-small cell lung cancer	68
PXD012546	2019-05-02	A Simple Cross-Linking/Mass Spectrometry Workflow to Study System-Wide Protein Interactions in Drosophila Embryos	67
PXD014957	2019-08-08	Mass spectrometry approach to identify mitochondrial poly(A) RNA interacting proteins	67
PXD020157	2020-07-02	Clinical proteomics workflow for high quality quantitative proteome and PTM analysis of biologically relevant FFPE tissue samples	67
PXD027188	2021-12-21	Reanalysis of a proteome-wide level study with MaxLynx	67
PXD033471	2022-04-27	Structure and dynamics of the essential endogenous mycobacterial polyketide synthase Pks13	67
PXD009224	2018-03-15	Chemical cross-linking enables drafting ClpXP proximity maps and taking snapshots of in vivo interaction networks	66
PXD007673	2017-09-06	Chemical cross-linking mass spectrometry for systems structural biology in mouse heart tissue.	65
PXD013969	2019-06-05	Structural proteomics based investigation of DNA binding domain (DBD) of FOXO4 transcription factor in complex with DNA binding element (DNA)	65
PXD019338	2020-05-22	NefCD4AP2 Complex Crosslinking with DSSO for Integrative Structure Determination	65
PXD051348	2024-04-11	Multi-scale photocatalytic proximity labeling reveals cell surface neighbors on and between cells	65
PXD020595	2020-07-27	Structural changes and evolution of peptides during chill storage of pork	64
PXD029592	2021-11-05	Poly(A) RNA interactome capture upon HDAC inhibition by Romidepsin	64
PXD048632	2024-01-17	MACSPI Enables Tissue-Selective Proteomic and Interactomic Analyses  in Multicellular Organisms	64
PXD021870	2020-10-07	Photo-crosslinking of SurA (p-azido-Phe) to unfolded Omps (OmpA and OmpX)	63
PXD023239	2020-12-21	The proximal proteome of 17 SARS-CoV-2 proteins links to disrupted host antiviral signaling and translation	63
PXD036744	2022-09-14	Cellular proteomic profiling using proximity labelling by TurboID-NES in microglial and neuronal cell lines.	63
PXD054728	2024-08-08	Cross-linking mass spectrometry of purified human endosomes	62
PXD026433	2021-06-02	Crosslinking mass spectrometry unveils novel interactions and structural distinctions in the model green alga Chlamydomonas reinhardtii	61
PXD047274	2023-11-27	A Photocrosslinking Probe to Capture the Substrates of Caseinolytic Protease P	61
PXD000545	2013-10-28	Photosynthetic Megacomplex in Synechosystis 6803	60
PXD026287	2021-05-26	Two zinc finger proteins with functions in m6A writing interact with HAKAI	60
PXD024399	2021-02-26	Protein neighborhood of the pseudokinase SCYL1	60
PXD027394	2021-07-19	Identification of protein-protein interactions in live cells using photoactivatable  myristate probe X10	60
PXD047979	2023-12-20	Super-resolution proximity labeling method with enhanced direct identification of biotinylation sites	60
PXD045689	2023-09-26	Deciphering the ghost proteome in ovarian cancer cells by deep proteogenomic characterization.	60
PXD050833	2024-03-20	Lysyl Oxidase Mediated Collagen Cross-linking in Pancreatic Cancer	60
PXD060106	2025-01-23	APEX2-based quantitative proteomic study of LAT and CD3z in Jurkat T cells	60
PXD013160	2019-03-20	Integrative phosphoproteome and interactome analysis of the role of Ubash3b in BCR-ABL signaling	59
PXD023487	2021-06-18	Targeted in situ cross-linking for determination of structure and interactions of SARS-CoV-2 proteins in the cellular context	59
PXD000685	2016-02-08	Virotrap: Abducting Protein Complexes from Mammalian Cells	58
PXD039606	2023-01-23	An UBX domain in UBXD1 organizes Ub binding at the C-terminus of the VCP/p97 AAA-ATPase	58
PXD049433	2024-02-16	Proximity labeling proteomics reveals Kv1.3 potassium channel immune interactors in microglia.	58
PXD010460	2018-07-17	Fam49/CYRI interacts with Rac1 and locally suppresses protrusions	57
PXD011680	2019-04-05	Intermolecular Architecture of Fibrin Clots and its Interaction INterface with Albumin	57
PXD020014	2020-10-02	"In-gel cross-linking mass spectrometry (IGX-MS) of proteins and protein complexes"	57
PXD012788	2019-05-08	Developing In Vivo Cross-linking Mass Spectrometry (XL-MS) to Decipher Protein Interaction Landscapes at the Proteome Scale	57
PXD028879	2021-10-01	Split-TurboID with Bre5 and Rps2 in Saccharomyces cerevisiae	57
PXD052745	2024-05-31	Comprehensive Dataset of Interactors for the Entire PARP Family Using TurboID Proximity Labeling	57
PXD049684	2024-02-19	Distinct interactomes of ADAR1 nuclear and cytoplasmic protein isoforms and their responses to Interferon induction	57
PXD002658	2015-08-04	Lens Disulfide crosslink -  Evidence of highly conserved β-crystallin disulfidome that can be mimicked by in vitro oxidation in age-related human cataract and glutathione depleted LEGSKO mouse lens	56
PXD013018	2019-07-25	XL-MS and Native MS for CSN-CRL2 complexes	55
PXD027917	2021-08-13	A proximity interactome map of the VAC14-FIG4 complex using BioID	55
PXD039717	2023-01-27	Prohibitin cross-linked aided interactome in yeast	55
PXD008161	2018-07-20	Development of in planta chemical cross-linking-based quantitative interactomics in Arabidopsis	54
PXD017241	2020-01-22	Definition of the fibroblast adhesome using multiplexed proximity biotinylation	54
PXD015982	2019-10-23	Alterations in Extracellular Matrix Composition during Aging and Photoaging of the Skin	54
PXD018451	2020-04-09	PolyQ-expansion does not alter the huntingtin-HAP40 complex	54
PXD021809	2020-10-05	Identification of proximal SUMO-dependent interactors using SUMO-ID	54
PXD029505	2021-11-02	Site-Link for identification of chromatinized proteome defined by site-specific histone acylations in living cells	54
PXD027954	2021-08-16	Substrate profiling of mitochondrial caseinolytic protease P via a site-specific photocrosslinking approach	54
PXD048452	2024-01-11	Deciphering Diazirine Reaction Mechanism: through Irradiation Modulation for Residue-Specific Distance Restraints in Protein Photo-Crosslinking	54
PXD008831	2018-02-01	DNA replication regulates SPRTN- and Proteasome-dependent DPC proteolysis	53
PXD014771	2019-07-26	Customizing functionalized cofactor mimics to study the human pyridoxal 5'-phosphate-binding proteome	53
PXD017066	2020-01-10	Improving identification of in-organello protein-protein interactions using an affinity-enrichable, isotopically-coded, and mass spectrometry-cleavable chemical crosslinker	53
PXD020826	2020-08-10	A2ML1's and A2M's reactivity towards glycine and glycerol, A2ML1 crosslinking to thermolysin	53
PXD025328	2021-04-13	Structural basis of human transcription-DNA repair coupling	53
PXD008605	2018-01-08	Cryo-EM structure of the full human PRC2 and regulation by AEBP2 and JARID2	52
PXD007094	2017-11-02	Small molecule interactome mapping by photo-affinity labeling (SIM-PAL)	52
PXD009040	2018-02-26	A SUMO-mediated protective response to DNA-protein crosslinks	52
PXD012592	2019-10-08	The ubiquitin-like modifier FAT10 interferes with SUMO activation	52
PXD022335	2021-06-07	Cell-type and subcellular compartment-specific APEX2 proximity labeling reveals activity-dependent nuclear proteome dynamics in the striatum	52
PXD027234	2021-07-12	Cross-linking/Mass Spectrometry Combined with Ion Mobility on a timsTOF Pro Instrument for Structural Proteomics	52
PXD026866	2021-06-22	A molecular network of conserved factors keeps ribosomes dormant in the egg	52
PXD035201	2022-07-09	Chemical proteomics with novel fully functionalized fragments and stringent target prioritization identifies the glutathione-dependent isomerase GSTZ1 as a lung cancer target	52
PXD050929	2024-03-24	Identification of XL peptides in Bik1 variants and different conditions	52
PXD054757	2024-08-09	Cross-linking mass spectrometry analysis of human BCL7A and BAF47 in presence and absence of nucleosome	52
PXD061667	2025-03-11	Crosslinking/mass spectrometry analysis of Human Separase-Scc1-fusion and cohesin SMC1/SMC3 complexes	52
PXD003593	2016-02-09	Identification of Host factors that Interact with Dengue virus RNA in cell culture	51
PXD024622	2021-03-10	Proteomics as a Tool to Gain Next Level Insights into Biopolymer Modifications	51
PXD035764	2022-08-02	Employing non-targeted interactomics approach and subcellular fractionation to increase our understanding of the ghost proteome	50
PXD012494	2019-08-16	Proximity-dependent proteomics of the Chlamydia trachomatis inclusion membrane (revised)	49
PXD060322	2025-01-29	Utilization of high-resolution mass spectrometry and data-independent analysis to track the monoclonal antibody spatial stability	49
PXD063145	2025-04-21	APPLE-MS: A modular affinity purification-mass spectrometry method assisted by PafA- mediated proximity labeling	49
PXD013209	2019-03-25	Homeostatic and Interferon-induced gene expression represent different states of promoter-associated transcription factor ISGF3	48
PXD003381	2015-12-21	Structural Analysis of a Prokaryotic Ribosome Using a Novel Amidinating Cross-Linker and Mass Spectrometry	48
PXD004044	2016-04-25	Comparison of hair bundle proteomes from WT and Pls1-knockout mouse utricles	48
PXD002992	2016-04-26	Fly RBPome - Early embryogenesis is characterized by the maternal to zygotic transition (MTZ), in which maternally deposited messenger RNAs are translated and subsequently degraded while zygotic transcription begins	48
PXD011459	2019-02-01	Sequential digestion with Trypsin and Elastase in cross-linking/mass spectrometry	48
PXD013907	2019-05-17	The dynamic configuration and phosphorylation of the C-terminal HEAT domain of huntingtin modulates its function	48
PXD026790	2021-06-18	Evaluation of mass spectrometry MS/MS spectra for the presence of isopeptide crosslinked peptides	48
PXD029729	2021-11-12	In-depth mass spectrometry-based proteomics of formalin-fixed, paraffin embedded tissues with a spatial resolution of 50–200 µm	48
PXD020636	2020-07-29	A structural mechanism for PP2A-B56alpha inhibition by CIP2A	48
PXD029591	2021-11-05	Intact extracellular vesicle cross-linking on vesicles derived from  MDA-MB-231 and LM2 cells	48
PXD033846	2022-05-12	APEX2 proximity labeling of PI(3)P dependent ER and early endosome membrane contact tether proteins	48
PXD038487	2022-12-01	GID4-dependent proteome and interactome	48
PXD036649	2022-09-12	Analysis of bilirubin-induced bovine serum albumin stability using protein denaturation and quantitative cross-linking mass spectrometry	48
PXD052930	2024-06-07	Dynamic Changes in the Proximitome of Neutral Sphingomyelinase-2 (NSM2) in TNFα Stimulated Jurkat Cells	48
PXD058327	2024-11-27	The PRC1 and PRC2 proximal interactome	48
PXD052310	2024-05-16	A proteomic and functional view of intrabacterial lipid inclusion biogenesis in mycobacteria	48
PXD055141	2024-08-23	Interaction proteomics of wildtype SLC16A6 (MCT7) and phospho-variants	48
PXD060086	2025-01-22	Plectin-mediated cytoskeletal crosstalk as a target for inhibition of hepatocellular carcinoma growth and metastasis – subcellular in vitro profiling	48
PXD057245	2024-10-28	Dysfunctional mitochondria trap proteins in the intermembrane space - Data set 1: proximity labelling	48
PXD060469	2025-02-04	Elucidating PTEN Conformational Dynamics and Phosphatase Regulation via Integrative Modeling and Mutation Prediction	48
PXD061935	2025-03-17	Novel chemotherapy selectively induces double-strand DNA breaks and death in naïve and Cisplatin-resistant cholangiocarcinoma tumours - total proteomics and phosphoproteomics	48
PXD012225	2019-01-03	Molecular Mapping of FXIIIa Crosslinks	47
PXD018580	2020-04-15	Tranylcypromine specificity for monoamine oxidase is limited by promiscuous protein labelling and lysosomal trapping	47
PXD027953	2021-08-17	Novel roles for ribosomal histidine methylation revealed by proteomics and large-scale cross-linking mass spectrometry	47
PXD031833	2022-02-22	TTYH family members form tetrameric complexes at the cell membrane	47
PXD040562	2023-03-03	Astrocytes express aberrant immunoglobulins as putative gatekeeper of astrocytes to neuronal progenitor conversion	47
PXD005758	2017-01-21	A method for spatially and temporally resolved protein network interrogation in living cells	46
PXD011931	2018-12-04	PhoX - An IMAC-enrichable Crosslinking Reagent	46
PXD014584	2019-08-21	Yeast Nuclear Large Scale Cross-linking MS	46
PXD033528	2022-07-20	A Conformation specific Nanobody Targeting the NMN-activated State of SARM1	46
PXD040267	2023-02-20	Light-induced orthogonal fragmentation of crosslinked peptides	46
PXD055488	2024-09-03	Proteome-wide non-cleavable crosslink identification with MS Annika 3.0 reveals the structure of the C. elegans Box C/D complex	46
PXD054551	2024-08-03	Trioxane-based MS-cleavable Cross-linking Mass Spectrometry for Profiling Multimeric Interactions of Cellular Networks	46
PXD010895	2018-12-06	Non-covalently associated peptides are observed during liquid chromatography-mass spectrometry and affect cross-link analyses	45
PXD000513	2014-06-02	Photo-cross-linking mass spectrometry for single amino acid assignment of RNA-binding sites in RNA-binding proteins	45
PXD010921	2018-08-29	Identification of CTPS1 Filament Interacting Proteins	45
PXD018679	2020-04-20	Solute carrier family 12 member 2 as a proteomic and histological biomarker of dysplasia and neoplasia in ulcerative colitis	45
PXD022697	2020-11-24	Characterization of R-loop-interacting proteins in embryonic stem cells reveals roles in ribosomal RNA processing and gene expression	45
PXD031946	2022-03-16	A non-hazardous deparaffinization protocol enables quantita-tive proteomics of core needle biopsy-sized formalin-fixed and paraffin embedded (FFPE) tissue specimens.	45
PXD032386	2022-03-18	A reliable approach for pure Yeast Cell Wall protein isolation from Saccharomyces cerevisiae yeast cells	45
PXD053578	2024-07-02	Merlin S13 phosphorylation controls meningioma Wnt signaling and magnetic resonance imaging features	45
PXD049991	2024-02-21	Distinct interactomes of ADAR1 nuclear and cytoplasmic protein isoforms and their responses to Interferon induction	45
PXD055305	2024-08-29	Comparison of MSA with PD/DLB alpha-synuclein pathology using proximity proteomics	45
PXD045861	2023-10-02	Myelin-axon interface disruption uncovered by subcellular proteomics and imaging of Alzheimer’s human brain	45
PXD061563	2025-03-07	Employing Expression-Matched Controls Enables High Confidence Proximity-Based Interactome Classification ( Dataset 3)	45
PXD056561	2024-10-07	GAIN domain cleavage of aGPCRs requires multiple domain-extrinsic factors coordinated by the 7TM region	45
PXD065869	2025-07-07	Expanding the crosslinking mass spectrometry toolbox with vinyl sulfone crosslinkers	45
PXD002234	2015-12-18	Influenza Polymerase Can Adopt an Alternative Configuration Involving a Radical Repacking of PB2 Domains	44
PXD056510	2024-10-04	STRUCTURE OF APOLIPOPROTEIN B100 BOUND TO LOW-DENSITY LIPOPROTEIN RECEPTOR	44
PXD051423	2024-04-13	STRUCTURE OF APOLIPOPROTEIN B100 BOUND TO LOW-DENSITY LIPOPROTEIN RECEPTOR (SDA XL DATA)	44
PXD068129	2025-09-05	On the feasibility of clinical studies with cross-linking mass spectrometry	44
PXD004736	2017-09-28	Biotinylation by antibody recognition - A novel method for proximity labeling	43
PXD037652	2022-10-24	Real-time library search assisted identification of cross-links increases resolution for structural modeling and interactome mapping	43
PXD063825	2025-05-10	Trioxane-based MS-cleavable Cross-linking Mass Spectrometry for Profiling Multimeric Interactions of Cellular Networks	43
PXD022002	2020-10-15	Structure of the human signal peptidase complex	42
PXD030072	2022-04-07	Time-resolved proximity labeling of protein networks associated with ligand-activated EGFR	42
PXD029392	2021-10-28	Novel RNA-binding Proteins Bind U1 snRNA to Promote Splicing of Weak 5' Splice Sites	42
PXD043732	2023-07-12	Profiling nuclear cysteine ligandability and effects on nuclear localization using proximity labeling-coupled chemoproteomics  	42
PXD046382	2023-10-25	Cross-link assisted spatial proteomics to map sub-organelle proteomes and membrane protein topology	42
PXD062557	2025-04-03	WAGO-4 Localization to Germ Granules Is Important for Its Accurate Small RNA Loading	42
PXD027488	2021-07-22	Cell type-specific in vivo proximity labeling of the neuronal proteome reveals regional differences in mouse brain.	41
PXD028561	2021-10-13	Glucose dissociates DDX21 dimers to regulate mRNA splicing and promote epidermal differentiation	41
PXD015989	2019-10-23	Molecular architecture of photoreceptor phosphodiesterase (PDE6) with activated G protein elucidates the mechanism of visual excitation	40
PXD008914	2018-02-09	RNA-binding protein repertoire of embryonic stem cells	40
PXD021947	2020-10-13	Mechanism and function of DNA replication-independent DNA-protein crosslink repair via the SUMO pathway	40
PXD011625	2018-11-08	MINA-1 and WAGO-4 are part of regulatory network coordinating germ cell death and RNAi in C. elegans	40
PXD023277	2020-12-22	The host  targets of SARS-CoV-2 protein NSP5	40
PXD017344	2020-01-31	Proximity-dependent biotin identification (BioID) reveals a dynamic LSD1-CoREST interactome during embryonic stem cell differentiation	40
PXD037255	2022-10-10	A gephyrin-like protein links cell division and polar elongation in Corynebacteriales	40
PXD050222	2024-02-28	Neuronal activity rapidly reprograms dendritic translation via eIF4G2:uORF binding	40
PXD049375	2024-02-14	A germline PAF1 paralog complex ensures cell type-specific gene expression (proximity labeling data)	40
PXD031643	2022-02-13	Age induced interactome remodeling in muscle mitochondria	40
PXD050930	2024-03-24	Identification of PDH XL peptides in Bik1 at different conditions	40
PXD062741	2025-04-08	Sub-cellular in vivo cardiac proteomics of sarcomere and ribosome interactomes identifies skeletal NACA's role in mitochondrial protein sorting.	40
PXD010850	2018-08-23	Translocase of the Outer Membrane (TOM complex) of hydrogenosomes in Trichomonas vaginalis	39
PXD019329	2020-05-21	Separation and Paired Proteome Profiling of Plant Chloroplast and Cytoplasmic Ribosomes	39
PXD030429	2021-12-15	MiniTurbo-based interactomics of two plasma membrane-localized SNARE proteins in Marchantia polymorpha	39
PXD029350	2021-10-26	Multiplexed isobaric quantitative cross-linking reveals drug-induced interactome changes in breast cancer cells	39
PXD045446	2023-09-18	Structure of transcribing RNA polymerase II-Elongin complex	39
PXD034874	2022-06-24	ProteasomeID: quantitative mapping of proteasome interactomes and substrates for in vitro and in vivo studies	39
PXD055863	2024-09-14	Developmental dynamics of endogenous peptides in maize	39
PXD009106	2018-03-05	Molecular basis for RanGTP independent disassembly of an importin:ribosomal protein complex by the escortin Tsr2	38
PXD026229	2021-05-24	Axonal and somatodendritic proteomes of dopamine neurons in the mouse brain	38
PXD040705	2023-03-09	Structure of the Hir histone chaperone complex	38
PXD059974	2025-01-20	Elucidating PTEN Conformational Dynamics and Phosphatase Regulation via Integrative Modeling and Mutation Prediction	38
PXD051886	2024-04-30	Condensin II Activation by the centromeric protein M18BP1	38
PXD064795	2025-06-09	Deciphering Mutational Effects on Inducible Nitric Oxide Synthase Conformational Dynamics via Quantitative Cross-Linking Mass Spectrometry and AlphaFold2 Subsampling	38
PXD008418	2017-12-12	Efficient and robust proteome-wide approaches for crosslinking mass spectrometry	37
PXD006707	2017-06-14	Mass spectrometric analysis of membrane protein topology	37
PXD013476	2019-04-12	Effects of a phosphomimetic mutation and nucleotide binding on the interaction of Hsp90a with co-chaperone Aha1 analyzed by chemical cross-linking with mass spectrometry	37
PXD020290	2020-07-10	Analysis of protein-DNA interactions in chromatin by UV induced cross-linking and mass spectrometry	37
PXD017379	2020-02-04	New insights into the architecture of the human SMC5/6 complex	37
PXD026793	2021-06-18	Tissue-specific in vivo mitochondrial matrix proteome profiling in mouse	37
PXD047226	2023-11-24	VAP spatially stabilizes dendritic mitochondria to locally support synaptic plasticity	37
PXD061712	2025-03-11	Dataset 3: APEX2-p62 autophagosome lumen profiling proteomics	37
PXD062479	2025-04-01	Mapping the Toxoplasma gondii cytosolic interactome by crosslinking mass spectrometry and machine learning	37
PXD003913	2016-04-06	Identification of human PKD2 interaction partners from Golgi-enriched protein fractions of HeLa cells by affinity enrichment cross-linking/MS	36
PXD005349	2016-11-15	Combining Affinity Enrichment, Cross-Linking with Photo-Amino Acids, and Mass Spectrometry for Probing Protein Kinase D2 Interactions	36
PXD009571	2019-02-11	Purification of Cross-linked RNA-Protein Complexes by Phenol-Toluol Extraction	36
PXD012792	2019-02-19	Mapping differences in salivary gland secretions using dried saliva spots	36
PXD010611	2019-05-23	Proteomic profiling of human prostate cancer-associated fibroblasts identifies LOXL2 promotes tumour migration in the extracellular matrix	36
PXD015549	2019-09-23	LCMS quantification of internal crosslink in WT and G68L mutant R2lox proteins from Geobacillus kaustophilus.	36
PXD010046	2018-06-06	Formaldehyde-crosslinking enables comprehensive profiling of in vivo RNA-interactome in UV-impermeable samples	36
PXD017244	2020-01-22	Comprehensive cross-linking mass spectrometry reveals molecular insights into the between peripheral and core NuRD complex subunits	36
PXD011974	2018-12-07	Proximity labeling proteomics of the androgen receptor reveals Kruppel-Like Factor 4 as a repressor of androgen-dependent genes	36
PXD016741	2019-12-13	System-wide analyses of the fission yeast poly(A)+ RNA interactome reveal insights into organisation and function of RNA-protein complexes	36
PXD018623	2020-04-17	USP7 and VCPFAF1 define the SUMO/Ubiquitin landscape at DNA replication forks	36
PXD026507	2021-06-07	Mutant PDIA3 causes neurodevelopmental impairment by disturbing endoplasmic reticulum proteostasis	36
PXD024280	2021-02-22	SCAI orchestrates DNA interstrand crosslink repair downstream of FANCI-FANCD2 ubiquitylation	36
PXD030048	2021-11-29	A MULTI-DIMENSIONAL INTERACTOMICS VIEW ON THE PLANT SNRK1 KINASE COMPLEX REVEALS A KEY REGULATORY ROLE FOR THE CLASS II T6P SYNTHASE-LIKE PROTEINS – part2 TurboID-MS dataset	36
PXD036463	2022-09-02	A comprehensive set of ER PDI family members supports the biogenesis of pro-inflammatory interleukin 12 family cytokines	36
PXD030825	2022-01-07	Analysis of oncogenic Kras-induced changes in the RNA-bound proteome of PDAC cells	36
PXD036630	2022-09-12	A photo-oxidation driven proximity labeling strategy enables profiling of mitochondrial proteome dynamics in living cells	36
PXD037443	2022-10-14	Exploring Alternative Cysteine-reactive Chemistry for MS-cleavable Cross-linking Mass Spectrometry	36
PXD038185	2022-11-16	Enhanced RNA interactome capture (eRIC) of human malignant bone tumor cells and normal bone/mesenchymal cells	36
PXD050734	2024-03-18	Crosslinking of Ly6a metabolically reprogram CD8 T cells for cancer immunotherapy.	36
PXD047725	2023-12-11	Proximity labeling reveals dynamic changes in the SQSTM1 protein network	36
PXD029748	2021-11-15	A Two-dimensional Fractionation Method for Proteome-wide Cross-linking Mass Spectrometry Analysis	36
PXD055508	2024-09-03	Photoreceptor-induced LHL4 protects photosystem II in Chlamydomonas reinhardtii - BN-PAGE profiling	36
PXD060898	2025-02-18	Photoaffinity ligand of Cystic Fibrosis corrector VX-445 identifies SCCPDH as an off-target	36
PXD060078	2025-01-22	Chemical crosslinking of plastocyanin and the cytochrome b6f complex	36
PXD066315	2025-07-18	DNA polymerase kappa is the primary translesion synthesis polymerase for aldehyde ICLs	36
PXD011121	2018-09-18	In-Search Assignment of Monoisotopic Peaks Improves the Identification of Cross-Linked Peptides	35
PXD006510	2017-05-12	Crosslinking mass spectrometry of yeast Pol I pre-initiation complex	35
PXD026545	2021-06-07	RBBP9 interactors in Fanconi Anaemia	35
PXD047679	2023-12-10	Higher-order structure and proteoforms of co-occurring C4b-binding protein assemblies in human serum	35
PXD001538	2015-09-21	Comprehensive XL-MS reveals parallel orientation and versatile conformations of plant HOP2/MND1	34
PXD013720	2019-05-29	Identification of proteins and miRNAs that specifically bind an mRNA in vivo	34
PXD041438	2023-04-10	Cross-linking mass spectrometry uncovers interactions between high-density lipoproteins and the SARS-CoV-2 spike glycoprotein	34
PXD042501	2023-05-25	Cross-linked amyloidogenic proteins as potential aggregation inhibitors	34
PXD056825	2024-10-15	Isobaric crosslinking mass spectrometry technology for studying conformational and structural changes in proteins and complexes	34
PXD051971	2024-05-03	An Intrinsically Disordered Region of Ubp10 Governs its Specificity for Deubiquitinating H2A/H2B Dimers over Nucleosomes	34
PXD013869	2019-05-16	Peptidomics analysis of dromedary camel supraoptic nucleus by tandem mass spectrometry	33
PXD013947	2019-05-21	Structural basis of TFIIH activation for nucleotide excision repair	33
PXD010422	2018-07-13	eXL-MS: An enhanced Cross-Linking Mass Spectrometry Workflow to Study Protein Complexes.	33
PXD030578	2021-12-21	Reanalysis of publicly available medium size protein complex data set with MaxLynx	33
PXD031159	2022-01-21	Uncover New Reactivity of Genetically Encoded Alkyl Bromide Unnatural Amino Acids	33
PXD034532	2022-06-15	Genetically encoded photocatalytic protein labeling enables spatially-resolved profiling of intracellular proteome	33
PXD047461	2023-12-02	De novo sequencing of an unknown monoclonal antibody using BU-MS and elucidation of the neutralizing antibody-Streptolysin O complex via cross-linking and hydrogen-deuterium exchange mass spectrometry	33
PXD050493	2024-03-09	A High-Performance Workflow for Identifying Site-Specific Crosslinks Originating from a Genetically Incorporated, Photoreactive Amino Acid	33
PXD061541	2025-03-06	Employing Expression-Matched Controls Enables High Confidence Proximity-Based Interactome Classification (Dataset 1)	33
PXD069844	2025-10-23	Proximity interaction network of Rho GTPases by BioID in human podocytes	33
PXD010070	2018-06-08	Cross-linking mass spectrometry analyses of three different kinetochore protein complexes (KMN, NDC80C, MIS12C) using an MS-cleavable cross-linker, BuUrBu (DSBU)	32
PXD019251	2020-05-18	Interactions of CDK19 with MED12 and cyclin-C assessed by chemical cross-linking mass spectrometry	32
PXD010111	2020-09-15	Crosslinking MS to elucidate the Architecture of the Nucleosome Remodelling and Deacetylase (NuRD) complex	32
PXD027891	2021-08-12	pH dependence of succinimide ester-based protein cross-linking for structural mass spectrometry applications	32
PXD020817	2020-08-10	Structural analysis of the regulatory GAF domains of cGMP phosphodiesterase elucidates the allosteric communication pathway	32
PXD030864	2022-01-10	Genetically targeted proteomics identify compositional and phosphoproteome trajectories of corticostriatal projections across postnatal development	32
PXD044328	2023-08-03	Structural basis of the human transcriptional Mediator complex modulated by its dissociable Kinase module	32
PXD053509	2024-06-29	EXPLORING THE INTERACTOME OF PML NUCLEAR SUBDOMAINS DURING FATTY ACID STRESS USING APEX2-MEDIATED PROXIMITY LABELING	32
PXD061691	2025-03-11	Dataset 5: p62 overexpression IP-MS	32
PXD055537	2024-09-04	Lysyl Oxidases are Necessary for Myometrial Contractility and On-Time Parturition in Mice	32
PXD062600	2025-04-04	Dysfunctional mitochondria trap proteins in the intermembrane space - Data set 4:  AP-MS for Apj1, Pwp2 and Utp18	32
PXD066357	2025-07-21	COLLAGEN POST-TRANSLATIONAL MODIFICATIONS ARE ALTERED IN IPF INCLUDING WITHIN ECM RECEPTOR BINDING MOTIFS	32
PXD002987	2015-11-04	xIP-MS: topological analysis of chromatin-associated protein complexes using single affinity purification	31
PXD032297	2022-03-15	Pattern Analysis of Organellar Maps for Interpretation of Pro-teomic Data	31
PXD042301	2023-05-17	Mapping of the podocin proximity-dependent proteome reveals novel components of the kidney podocyte foot process.	31
PXD018219	2020-05-22	Inter- and Intra-Molecular Interactions of The Arabidopsis Plasma Membrane Proton Pump Revealed Using a Mass Spectrometric-Cleavable Crosslinker	31
PXD042302	2023-05-17	Mapping of the podocin proximity-dependent proteome reveals novel components of the kidney podocyte foot process.	31
PXD041148	2023-03-28	Progress Toward Proteome-Wide Photo-Crosslinking to Enable Residue-Level Visualization of Protein Structure and Networks in vivo	31
PXD041884	2023-04-29	Quantifying Protein Acetylation in Diabetic Nephropathy from FFPE Explants	31
PXD003909	2016-04-05	Identification of human PKD2 interaction partners from cytosolic protein fractions of HeLa cells by affinity enrichment cross-linking/MS	30
PXD009927	2018-05-28	Apolipoprotein A1 forms 5/5 and 5/4 antiparallel dimers in human high-density lipoprotein	30
PXD003658	2016-02-17	In planta chemical crosslinking and mass spectrometry analysis of protein structure and interaction in Arabidopsis	30
PXD010884	2018-08-29	Cross-linking/mass spectrometry for the 13th Community Wide Experiment on the Critical Assessment of Techniques for Protein Structure Prediction (CASP13)	30
PXD015037	2019-08-15	Development of Photocrosslinking Probes Based on Huwentoxin-IV to Map the Site of Interaction on Nav1.7	30
PXD023751	2021-01-22	Covalent histone modification by an electrophilic derivative of the anti-HIV drug nevirapine	30
PXD027759	2021-08-05	Identification of proximal SUMO-dependent interactors using SUMO-ID	30
PXD033167	2022-04-12	Crosslinking-Mass Spectrometry data for structural analysis of Doublecortin-Microtubule interaction	30
PXD031166	2022-05-16	Evidence for a ‘trap-and-flip’ mechanism in a proton-dependent lipid transporter	30
PXD025099	2021-03-30	Facilitating in situ cross-linking and mass spectrometry by antibody-based protein enrichment	30
PXD036538	2022-09-05	Human TRMT2A methylates different components of the translation machinery and contributes to translation fidelity	30
PXD043805	2023-07-15	Analysis of NF186 proximity proteomes across neuronal development using Nfasc antibodies in an antibody-directed proximity biotinylation strategy combined with mass spectrometry	30
PXD042388	2023-05-22	ELOF1 anchors CRL4CSA to RNA pol II to activate transcription-coupled repair	30
PXD040412	2023-02-27	Drosophila brain O-GlcNAc proteome	30
PXD049360	2024-02-14	A germline PAF1 paralog complex ensures cell type-specific gene expression (co-IP data)	30
PXD040428	2023-02-27	UNC-45 assisted myosin folding depends on a conserved FX3HY motif implicated in Freeman Sheldon Syndrome	30
PXD054003	2024-07-17	The hGID GID4 E3 ubiquitin ligase complex targets ARHGAP11A to regulate cell migration	30
PXD055775	2024-09-11	Phosphorylation of a nuclear condensate regulates cohesion and mRNA retention	30
PXD049689	2024-02-19	Distinct interactomes of ADAR1 nuclear and cytoplasmic protein isoforms and their responses to Interferon induction	30
PXD055703	2024-09-08	Targeted quantification of XL peptides in Bik1 variants and different conditions	30
PXD059547	2025-01-08	Cross-linking mass spectrometry of purified human endosomes (DHSO, DMTMM)	30
PXD053175	2024-06-17	In vivo RNA Affinity Purification of wildtype and nonstop mutant VHL tumor suppressor mRNA	30
PXD062101	2025-03-21	Mapping the Interactome of KRAS and Its G12C/D/V Mutants by Integrating TurboID Proximity Labeling with Quantitative Proteomics	30
PXD061560	2025-03-07	Employing Expression-Matched Controls Enables High Confidence Proximity-Based Interactome Classification (Dataset 2)	30
PXD059552	2025-01-08	Cell Surface Biotinylation via Furan Crosslinking to Profile the Surfaceome	30
PXD010892	2018-08-28	In vivo cross-linking supports a head-to-tail mechanism for regulation of the plant plasma membrane P-type H+-ATPase	29
PXD002094	2015-04-21	Tumor-Associated Macrophages Promote Colorectal Tumor Development Through Remodeling of Its Extracellular Matrix	29
PXD011510	2018-10-29	Critical role of the UBL-domain in stimulating the E3 ubiquitin ligase activity of UHRF1 towards chromatin	29
PXD015044	2019-08-16	Insight into the structure of the “unstructured” tau protein	29
PXD024010	2021-02-05	Single Nucleotide Resolution RNA-Protein Cross-Linking/MS: Simple Extension of the CLIR-MS Workflow	29
PXD009474	2018-04-16	Translocase of the Outer Membrane (TOM complex) of hydrogenosomes in Trichomonas vaginalis	29
PXD034327	2022-06-06	Structure of the metastatic factor P-Rex1 reveals a two-layered autoinhibitory mechanism	29
PXD041943	2023-05-03	Proteomic identification of the GPER1 interactome	29
PXD056942	2024-10-18	BPP43_05035 is a Brachyspira pilosicoli cell surface adhesin that weakens the integrity of the epithelial barrier during infection	29
PXD013097	2019-03-14	PhAXA-MS analysis of 4EBP1, cJun, and ERK2 Kinases	28
PXD003576	2016-02-04	Proteomic Analysis of Loricrin Knockout Mouse Epidermis	28
PXD010281	2018-07-02	Chaperone Activation and Client Binding of a 2-Cysteine Peroxiredoxin	28
PXD011995	2018-12-10	Early Scanning of Nascent Polypeptides inside the Ribosomal Tunnel by NAC	28
PXD015863	2019-10-17	Discovery of Widespread Host Protein Interactions with the Pre-Replicated Genome of CHIKV using VIR-CLASP	28
PXD015285	2020-02-14	Ensured auxin sensing by degron flexibility	28
PXD015275	2019-09-02	Ligand-induced disorder-to-order transitions characterized by structural proteomics and molecular dynamics simulations	28
PXD020704	2020-08-03	Open search strategy for inferring the masses of cross-link adducts	28
PXD034373	2022-06-06	Identification of bile acid-interacting proteins in Salmonella Typhimurium (14028S) by chemoproteomics	28
PXD029914	2021-11-25	Different Oligomeric States of the Tumor Suppressor p53 Show Identical Binding Behavior Towards the S100β Homodimer	28
PXD031215	2022-01-25	26S proteasome crosslinking mass spectrometry data for mi-filter	28
PXD035916	2022-08-10	TESMIN interactome characterization	28
PXD027349	2021-07-16	Chemical Crosslinking of Isotopically Labeled α-Synuclein Reveals Structural Changes and the Interface of Oligomeric Species	28
PXD037678	2022-10-24	Genetically encoded photocatalytic protein labeling enables spatially-resolved profiling of intracellular proteome	28
PXD040736	2023-03-09	Protein content and proximity map of yeast nuclear mRNPs	28
PXD048347	2024-01-09	Deciphering lineage specification during early embryogenesis using multi-layered proteomics	28
PXD055085	2024-08-22	Epitope and paratope mapping of a SUMO-remnant antibody using cross-linking mass spectrometry and molecular docking	28
PXD040310	2023-02-21	Subcellular proteomics and iPSC modeling uncover mechanisms of axonal pathology in Alzheimer’s disease	28
PXD064557	2025-06-03	Proximity labeling of NF1 using APEX	28
PXD059888	2025-01-16	Structural Insights into Complement Inhibition: Visualizing Distinct Binding Modes of C4b-binding Protein Complexes with C4b and SAP	28
PXD016355	2019-11-20	Identification of parvulin interactors by diazirine mediated cross-linking	28
PXD001681	2015-01-15	HA-mSLX4 wild type and SIMdependent interactors	27
PXD007862	2017-09-28	BIOSITe: A novel method for direct detection of site specific biotinylation	27
PXD015161	2019-08-27	Proximity labeling of FAMA transcription factor complexes in seedlings of Arabidopsis thaliana using TurboID	27
PXD023542	2021-01-12	Targeted in situ cross-linking for determination of structure and interactions of SARS-CoV-2 proteins in the cellular context	27
PXD028150	2021-11-02	Interrogating kinase-substrate relationships with proximity labeling and phosphorylation enrichment	27
PXD033466	2022-04-27	A proximity labeling method for protein-protein interactions on cell membrane	27
PXD033959	2022-05-18	Site-Link for identification of chromatinized proteome defined by site-specific histone acylations in living cells	27
PXD039839	2023-02-03	Biochemical characterisation of Mer3 helicase interactions and the protection of meiotic recombination intermediates	27
PXD048046	2023-12-21	Mapping the interactome of OSCC prognostic-associated proteins NDRG1 and PGK1 through proximity labeling using TurboID	27
PXD055060	2024-08-22	Structural proteomic analysis of folding intermediates of FLuc on the human ribosome	27
PXD062134	2025-03-21	DNA polymerase kappa is the primary translesion synthesis polymerase for aldehyde ICLs	27
PXD007928	2017-11-07	Cross-linking of the human MHC-I peptide-loading complex	26
PXD002058	2015-07-27	Tau interactome -  The human tau interactome: binding to the ribonucleoproteome, and impaired binding of the P301L mutant to chaperones and the proteasome	26
PXD008337	2017-11-30	Lamin A dimer and tetramer cross-links help explain disease mutations and polymer plasticity	26
PXD015507	2019-09-19	Identification of CTPS1 Filament Interacting Proteins_2019 dataset	26
PXD019274	2020-05-19	Cryo-EM structures of holo condensin reveal a subunit flip-flop mechanism	26
PXD026367	2021-05-31	Structural basis for the specificity of PPM1H phosphatase for Rab GTPases	26
PXD023192	2020-12-17	The universally conserved ATPase YchF regulates translation of leaderless mRNA in response to stress conditions	26
PXD027611	2021-07-28	Identifying and characterising Thrap3, Bclaf1 and Erh direct interactions using cross-linking mass spectrometry	26
PXD027420	2021-07-19	Retroelement Ty1 Integrase interactome identified using tandem chromatin affinity purification ( TChAP) after in vivo crosslink in yeast Saccharomyces cerevisiae	26
PXD033391	2022-04-23	Determining kinome changes in response to Cytomegalovirus US28 expression and identifying US28 interacting proteins	26
PXD040337	2023-02-22	Identifying interactors of IRF1 and STAT1 during type I and type II interferon treatment using proximity-dependent labeling	26
PXD060054	2025-01-22	Plectin-mediated cytoskeletal crosstalk as a target for inhibition of hepatocellular carcinoma growth and metastasis – in vivo profiling	26
PXD060638	2025-02-10	Proteomic characterization of the Alzheimer’s disease risk factor BIN1 interactome	26
PXD056680	2024-10-10	The structural scaffold of the TPLATE complex deforms the membrane during plant endocytosis	26
PXD015985	2019-10-23	Non-competitive binding of PpiD and YidC to the SecYEG translocon expands the global view on the SecYEG interactome in E. coli	25
PXD003882	2016-03-31	Drosophila mRNA Interactome -  Global changes of the RNA-bound proteome during the maternal-to-zygotic transition in Drosophila	25
PXD008147	2017-11-14	First evidence that a protein coded by a short ORF, not by the annotated CDS is the main gene product	25
PXD022279	2020-11-02	Multiplexed CuAAC-Suzuki-Miyaura for tandem activity-based chemoproteomic profiling	25
PXD020346	2020-07-14	TENT5A mediated cytoplasmic polyadenylation in osteoblast supports proper bone formation.	25
PXD043047	2023-06-16	Therapeutic Effects of Valeriana jatamansi on Ulcerative Colitis: Insights into Mechanisms of Action through Metabolomics and Microbiome Analysis	25
PXD045081	2023-09-04	Proteomics after labeling the vicinity of UNC-45 using miniTurbo and TurboID biotin ligases followed by streptavidin pull-down under non-stress and optogenetically induced mechanical muscle stress (OptIMMuS).	25
PXD016018	2019-10-25	DeSUMOylase SENP7 mediated epithelial signaling triggers intestinal inflammation via expansion of Gamma-delta T cell	25
PXD015981	2019-10-23	Proteomics analysis of Formalin Fixed Paraffin Embedded tissues in the investigation of prostate cancer	24
PXD002543	2015-07-15	RBDmap -  The Cardiomyocyte RNA-Binding Proteome: Links to Intermediary Metabolism and Heart Disease	24
PXD007914	2017-10-09	Mouse stool samples in response to antibiotic treatment	24
PXD002890	2016-06-03	mRNA interactome in mouse macrophages	24
PXD006428	2017-05-05	Hydroxylamine Chemical Digestion for Insoluble Extracellular Matrix Characterization	24
PXD007043	2017-07-14	Cross-linking MS data of CtNup82-Y complex	24
PXD012350	2019-01-15	Peptidoglycan metabolite photoaffinity reporters reveal direct binding to intracellular pattern recognition receptors and Arf GTPases	24
PXD014523	2019-07-08	Comparison of OpenPepXL and xQuest on a Labeled Cross-Linking MS dataset	24
PXD017940	2020-03-09	Two siblings with strong NER inactivation due to inherited ERCC1 deficiency display mild clinical features of XP and CS with severe liver impairment	24
PXD019751	2020-06-15	The TRiC Chaperonin and Prefoldin Cooperate to Fold and Assemble Viral Capsid Oligomers	24
PXD024366	2021-02-24	Proteomic profiling of the ciliary Hedgehog response reveals coordinated exit of GPR161 and PKA	24
PXD017933	2020-03-09	Identification of AXL interactome by proximity-dependent protein identification (BioID)	24
PXD024822	2021-03-18	The human GID complex engages two independent modules for substrate recruitment	24
PXD022976	2020-12-07	The structures of R124H and R555W TGFBIp suggest a direct role of the mutated residues in the aggregation of TGFBIp in granular corneal dystrophy	24
PXD021923	2020-10-12	Identification of proximal SUMO-dependent interactors using SUMO-ID	24
PXD022861	2021-02-01	IMProv: A Resource for Crosslink-Driven Structure Modeling that Accommodates Protein Dynamics	24
PXD027213	2021-07-09	Structural architecture and function of the human NALCN channelosome	24
PXD011078	2018-09-13	The Bloom’s syndrome helicase BLM functions as a homodimer within the Bloom’s complex	24
PXD032952	2022-04-02	Proximity labelling of FLAG-TurboID- or Myc-UltraID-tagged full-length RNPS1 or RNPS1 deletion mutants followed by proteomics analysis	24
PXD023427	2021-12-16	Global mapping of RNA-binding proteins in multi-drug resistant Staphylococcus aureus using 2C_2	24
PXD023408	2021-12-16	Global mapping of RNA-binding proteins in multi-drug resistant Staphylococcus aureus using 2C_3	24
PXD035622	2022-07-29	Mitochondrial interactome quantitation reveals structural changes in metabolic machinery in the failing murine heart	24
PXD014661	2019-07-18	Identification of Toll-like receptor 4 interacting partner through immunoprecipitation-based chemical cross-linking proteomics	24
PXD036976	2022-09-25	Liver RBFOX2 regulates cholesterol homeostasis via Scarb1 alternative splicing in mice	24
PXD030590	2021-12-22	Folding of beta-tubulin by the chaperonin TRiC/CCT studied by chemical cross-linking and mass spectrometry	24
PXD026959	2021-06-27	Metaproteomic analysis of cecal contents from healthy mice versus mice with DSS-induced colitis	24
PXD033902	2022-05-16	Identification of potential visceral pain biomarkers in colon exudates from mice with experimental colitis: an exploratory in vitro study	24
PXD026654	2021-06-11	Identification of formaldehyde-induced DNA-protein crosslinks by PxP-MS	24
PXD035712	2022-08-02	Mitochondrial interactome quantitation reveals structural changes in metabolic machinery in the failing murine heart	24
PXD027239	2021-07-12	Metabolic labeling of NMT substrates by photoactivatable/clickable myristate probes X3/X8/X10	24
PXD025278	2021-04-09	Deep proteomic profiling of TE03 (I3) human embryonic stem cells (hESCs)	24
PXD005728	2017-01-17	Proteomics of 24 bacterial strains from an artificial microbiota reference to evaluate metaproteomics	24
PXD022991	2020-12-08	In vivo protein-protein crosslinking in human lens through lys or protein N-terminus with Gln/Glu residues	24
PXD044528	2023-08-13	Rab30 regulates lipid homeostasis in the hepatocyte during fasting	24
PXD042395	2023-05-22	PEPseq Quantifies Transcriptome-Wide Changes in Protein Occupancy and Reveals Selective Translational Repression After Translational Stress	24
PXD047668	2023-12-09	CSB promotes transcription-coupled repair of DNA-protein crosslinks	24
PXD038583	2022-12-06	Mitochondrial translocase blocking ATP5MG-tFT fusion protein interactome in human embryonic kidney (HEK) 293 cells	24
PXD046792	2023-11-08	Yeast TLDc domain-containing proteins control assembly and subcellular localization of the V-ATPase	24
PXD040000	2023-02-09	Confirmation of replication interactome of TopBP1 using proximity-dependent biotinylation MS	24
PXD035337	2022-07-14	Dual role of PCNA-monoubiquitination in facilitating Fanconi Anemia-mediated interstrand crosslink repair	24
PXD053621	2024-07-04	Proximity labeling reveals new functional relationships between meiotic recombination proteins in S. cerevisiae	24
PXD045054	2023-09-03	Conserved immunomodulation and variation in host association by Xanthomonadales commensals in Arabidopsis root microbiota	24
PXD056299	2024-09-26	Development of a proximity labeling vector to identify protein-protein interactions in human stem cells	24
PXD055649	2024-09-07	Proteomic Profiling of Potential E6AP Substrates via Ubiquitin-based Photo-Crosslinking Assisted Affinity Enrichment	24
PXD056787	2024-10-14	Spatiotemporal proteomics reveals the biosynthetic lysosomal membrane protein interactome in neurons	24
PXD049372	2024-02-14	Identification of the Drosophila centriolar satellite proximity interactome by direct and indirect biotin proximity labeling	24
PXD062890	2025-04-13	Immunoprecipitation of U2AF2-TurboID-HA	24
PXD059211	2024-12-24	Proteomic profiling of a healthy biological sample (human serum) obtained from the surface of the AFM chip.	24
PXD017937	2020-03-09	Identifying interactors through BioID2 in rat cortical neurons	24
PXD054939	2024-08-15	APEX2-MCM2 proximity labeling with high-resolution quantitative mass spectrometry in ESC	24
PXD052623	2024-05-28	Protein imbalance from aneuploidy impairs mitochondria - Dataset 1: APEX2-p62 global proxitome proteomics with WT, 13/3 and 5/4	24
PXD063973	2025-05-15	Activation of an initiating phosphoglycosyl transferase by a single-domain response regulator	24
PXD059010	2024-12-18	PLAA/UFD-3 regulates P-bodies through its intrinsic disordered domain	24
PXD055147	2024-08-23	Interrogating the interaction of fission yeast RNA-binding protein Puf3 with the Ccr4-Not complex using crosslinking mass spectrometry	24
PXD060138	2025-01-24	Cilia-iAPEX proximity labeling proteomics	24
PXD067624	2025-08-22	DNA-Protein Crosslinks Promote cGAS-STING-driven Premature Aging and Embryonic Lethality	24
PXD067620	2025-08-22	DNA-Protein Crosslinks Promote cGAS-STING-driven Premature Aging and Embryonic Lethality	24
PXD067622	2025-08-22	DNA-Protein Crosslinks Promote cGAS-STING-driven Premature Aging and Embryonic Lethality	24
PXD056951	2024-10-18	Whole cell proteome of HeLa Flp in T-RexTM RNF4 WT treated with either CCW16, 1a or 2c	24
PXD052926	2024-06-07	E-cadherin mechanotransduction activates EGFR/ERK signaling by inducing ligand shedding	24
PXD065365	2025-06-24	2E7 Antigen Identification Using PhAbomics Technology	24
PXD018608	2020-04-17	Crosslinking/mass spectrometry (CLMS) analysis of Cohesin complex	23
PXD030274	2021-12-09	Proteome-wide identifying site non-specific cross-linking peptides with SpotLink	23
PXD035655	2022-08-01	Tear protein profile in eyes with keratoconus after one year of intrastromal corneal ring and corneal crosslinking: a pilot study	23
PXD045987	2023-10-09	Mass spectrometry analysis of chromosomal passenger complex proteins and kinetochore proteins in Trypanosoma brucei	23
PXD050376	2024-03-05	Rab30 regulates lipid homeostasis in the hepatocyte during fasting	23
PXD053506	2024-06-29	Identification of Survival Motor Neuron (SMN) complexes in Drosophila using affinity purification-mass spectrometry analysis	23
PXD052011	2024-05-06	Interrogation of RNA-bound proteome with XRNAX illuminates molecular alterations in the mouse brain affected with dysmyelination	23
PXD016993	2020-01-16	Identification of SurA inter-domain dynamics and client binding by XL-MS	22
PXD016304	2020-09-02	Towards the molecular architecture of the peroxisomal receptor docking complex	22
PXD024665	2021-03-11	Integrin a5, aV, and aVb3 in zebrafish embryos at the 12 somite stage	22
PXD034163	2022-05-27	Chlorpyrifos oxon crosslinking of amyloid beta 42 peptides is a new route for generation of self-aggregating amyloidogenic oligomers that promote Alzheimer’s disease	22
PXD031519	2022-02-09	Cross-linking mass spectrometry and integrative modelling of Methanocaldococcus jannaschii GMP synthetase	22
PXD032918	2022-04-02	Operation of a TCA cycle subnetwork in the mammalian nucleus	22
PXD039467	2023-01-16	Identification of myelin basic protein interactome using TurboID proximity labeling proteomics	22
PXD030299	2021-12-11	Integrative structure models of the α-Synuclein dimer conformations	22
PXD038234	2022-11-22	GIPC3 AP-MS/MS from chick inner ear extracts	22
PXD017085	2020-01-14	Application of TurboID-mediated proximity labeling and phosphoproteomics for mapping a GSK3 kinase signaling network in Arabidopsis	22
PXD038658	2022-12-07	Targeted cross-linker delivery for in situ mapping of protein conformations and interactions in mitochondria	22
PXD025843	2021-05-06	Structural analysis of the native TREX complex from S. cerevisiae	22
PXD035589	2022-07-25	Structural surfaceomics of Nomo-1 using DSSO cross-linker with MS3 approach	22
PXD045791	2023-09-28	Bioorthogonal Photocatalytic Proximity Labeling in Primary Living Samples	22
PXD040262	2023-02-20	A Spatiotemporal Map of Co-Receptor Signaling Networks Underlying B Cell Activation	22
PXD044446	2023-08-08	The MYCN oncoprotein is an RNA-binding protein that promotes nascent RNA turnover via the NEXT targeting complex of the nuclear exosome	22
PXD043531	2023-07-04	A deep XL-proteomic dataset of intact HEK293T cells using DSBSO	22
PXD051742	2024-04-25	Monolinks Matter: Rational Modification of a Cross-Linker for Improved Flexible Protein Structure Modeling	22
PXD000491	2015-05-07	Proteomics reveals dynamic assembly of repair complexes during bypass of DNA cross-links part 2 of 2: AP-MS DATA (QUBIC)	21
PXD009289	2018-03-22	Helpful dirt: Why diphtheria toxoid vaccines may also protect against non-toxigenic Corynebacterium diphtheriae strains	21
PXD010059	2018-06-07	Reversible SAHH inhibitor protects against glomerulonephritis in lupus-prone NZB/NZW F1 mice by modulating α-actinin-4 associated skeleton organization of podocytes	21
PXD010352	2018-07-10	Complementary proteomics strategies identify the ataxin-1 interactome in Neuro-2a cells	21
PXD014191	2019-06-10	Proteome profiling of the exhaled breath condensate after long-term spaceflights	21
PXD017378	2020-02-04	Comprehensive cross-linking mass spectrometry reveals molecular insights into the between peripheral and core NuRD complex subunits	21
PXD020542	2020-07-24	Proximal proteome and ubiquitination landscape of E3 Ubiquitin Ligase Mindbomb 1	21
PXD030063	2021-11-30	Mapping of nanobody binding sites on human LRRK2 by CX-MS	21
PXD032202	2022-03-11	Global and comparative proteome signatures in the lens capsule, trabecular meshwork, and iris of patients with pseudoexfoliation glaucoma	21
PXD038100	2022-11-11	Global assessment of protein-protein crosslinking in ex vivo eRIC samples	21
PXD036896	2022-09-21	MRPS36 provides a missing link in the eukaryotic 2-oxoglutarate dehydrogenase complex for recruitment of E3 to the E2 core - Phospoproteomics data	21
PXD040875	2023-03-15	The Hsp90 molecular chaperone governs client proteins by targeting intrinsically disordered regions	21
PXD045921	2023-10-05	Immunoproximity biotinylation reveals the axon initial segment proteome	21
PXD043093	2023-06-19	UV-inducible crosslinking IP-MS to elucidate the role of nuclear Hsp104 during quiescence in Saccharomyces cerevisiae	21
PXD044310	2023-08-03	Interactome analysis of elongating RNAPII after induction of DNA damage by IP-MS/MS	21
PXD050287	2024-03-03	Spatially resolved proteomics of the Arabidopsis stomatal lineage identifies polarity complexes for cell divisions and stomatal pores	21
PXD041610	2023-04-18	Proximity labeling in Arabidopsis seedlings expressing R-degron-Turbo vs. M-degron-Turbo vs. L-degron-Turbo untreated (DMSO control), treated with 10µM Bortezomib and treated with 1µM Concanamycin A.	21
PXD043294	2023-06-26	Exploring the Spatial Landscape of the Estrogen Receptor Proximal Proteome With Antibody-Based Proximity Labeling	21
PXD051047	2024-03-28	Profiling the LAM family of contact-site tethers provides mechanistic insights into their regulation and function	21
PXD052624	2024-05-28	Protein imbalance from aneuploidy impairs mitochondria - Dataset 3: APEX2-p62 autophagosome lumen profiling proteomics	21
PXD061566	2025-03-07	Employing Expression-Matched Controls Enables High Confidence Proximity-Based Interactome Classification (Dataset 4)	21
PXD061564	2025-03-07	Employing Expression-Matched Controls Enables High Confidence Proximity-Based Interactome Classification (Dataset 5)	21
PXD061540	2025-03-06	Employing Expression-Matched Controls Enables High Confidence Proximity-Based Interactome Classification (Dataset 6)	21
PXD063191	2025-04-22	Label-free LC-MS/MS analysis of proteins associated with specific RNAs in HeLa cells	21
PXD055069	2024-08-22	Structural proteomic analysis of folding intermediates of FLuc on the human ribosome	21
PXD053984	2024-07-16	Cross-Linking MS of Parvulin 14 and 17	21
PXD007250	2017-08-11	On the reproducibility of label-free quantitative cross-linking/mass spectrometry	20
PXD002226	2015-05-26	Caenorhabditis elegans mRBPome	20
PXD010075	2018-06-08	Protein interactome of small RNA fragments: identification and functional implications	20
PXD011312	2018-10-09	Mapping the proteome of the synaptic cleft through peroxidase-based reporter protein SynCAM1-HRP	20
PXD011727	2018-11-19	PCNA interactome -  SLX4IP acts with SLX4 and XPF-ERCC1 to promote interstrand crosslink repair	20
PXD014282	2019-10-16	Structure of the Fanconi anaemia monoubiquitin ligase complex	20
PXD010174	2019-07-12	An Outer Membrane Protein-Targeting Antibiotic Against Resistant Gram-Negative Bacterial Pathogens	20
PXD013350	2019-04-03	Proteomics analysis of the matrisome from MC38 experimental mouse liver metastases	20
PXD021396	2020-09-10	CNS-derived extracellular vesicles from superoxide dismutase 1 (SOD1)G93A ALS mice originate from astrocytes and neurons and carry misfolded SOD1	20
PXD022210	2020-10-28	The proteomic inventory reveals the chloroplast ribosome as nexus within a diverse protein network - Effect of Crosslinking	20
PXD025029	2021-03-26	A disease-linked lncRNA mutation in RNase MRP inhibits ribosome synthesis	20
PXD025172	2021-04-06	Yeast TRAPPIII complex cross-linking mass spectrometry	20
PXD026191	2021-05-21	Revealing the Structural Plasticity of SARS-CoV-2 nsp7 and nsp8 Using Structural Proteomics (XL-MS)	20
PXD028830	2021-09-29	In Situ Proximity Labeling Identifies Lewy Pathology Molecular Interactions in the Human Brain	20
PXD031644	2022-04-02	quantitative crosslinking of ADP treated mitochondria isolated from HEK293 cells	20
PXD022608	2020-11-18	Operation of a TCA cycle subnetwork in the mammalian nucleus	20
PXD040087	2023-02-13	XL-MS of 5S RNP preribosomal complexes	20
PXD038895	2022-12-19	Trans-Golgi protein TVP23B regulates host-microbe interactions via Paneth cell homeostasis and Goblet cell glycosylation	20
PXD044048	2023-07-24	RNA helicase Ighmbp2 regulates THO complex to ensure cellular mRNA homeostasis	20
PXD041717	2023-04-21	Concerted SUMO-targeted ubiquitin ligase activities of TOPORS and RNF4 are essential for stress management and cell proliferation	20
PXD006715	2017-06-14	TRAIP regulates DNA double-strand break-induced ATM activation	20
PXD046412	2023-10-26	Leveraging a self-cleaving peptide for tailored control in proximity labeling proteomics	20
PXD052552	2024-05-24	A photo-caged cross-linker for identifying protein-protein interactions	20
PXD052821	2024-06-04	Complexome profiling of human mitochondrial proteins	20
PXD038572	2022-12-06	EBV latent nuclear antigen EBNA3A modulates IRF3-dependent IFNβ expression	20
PXD049683	2024-02-19	Mass spectrometry (LC-MS) of survivin binding proteins immunoprecipitated from human THP1 cells	20
PXD039473	2023-01-16	Identification of host targets of Vpu based on APEX2 proximity labeling	20
PXD065556	2025-06-27	Integrated Metabolomics and Proteomics Analysis Reveals the Mechanisms of Banxia-Xiexin Decoction in Colitis-Associated Colorectal Cancer	20
PXD048030	2023-12-21	Proximal proteomics analysis reveals DNA polymerase δ subunit 3 is a new MCM2 binding partner and promotes 	20
PXD016639	2019-12-06	Integrative Threading of the DNA-PKcs Disordered Region with Crosslinking Restraints	19
PXD017584	2020-02-18	Protocol for high-yield production of photo-leucine-labeled proteins in Escherichia coli	19
PXD018189	2020-03-25	capsPASEF – Collisional Cross Section Assisted Precursor Selection Applied to Cross-linking Mass Spectrometry	19
PXD025728	2021-04-30	XL-MS of RORg:RORE:SRC3 Complexes	19
PXD032728	2022-03-23	Analysis of subcellular Importin b1 interactomes by BioID and BAR proximity labelling	19
PXD033446	2022-08-02	Functional crosstalk between the cohesin loader and chromatin remodelers	19
PXD037701	2022-10-25	The proteome of Processing Bodies in Arabidopsis.	19
PXD039132	2023-01-02	Large-scale qualitative and quantitative research of dityrosine crosslinking omics in Escherichia coli	19
PXD041831	2023-04-26	Cross-linking mass spectrometry uncovers interactions between high-density lipoproteins and the SARS-CoV-2 spike glycoprotein	19
PXD047023	2023-11-16	Repression of pervasive transcription is the primary role of RNA polymerase II CTD serine 2 phosphorylation in fission yeast	19
PXD055848	2024-09-13	Activation mechanism of Small Heat Shock Protein HSPB5 revealed by disease-associated mutants.	19
PXD053010	2024-06-11	Integrative structural analysis of NF90-NF45 heterodimers reveals architectural rearrangements and oligomerisation on binding dsRNA	19
PXD055874	2024-09-15	Mouse Prefontal Cortex Astrocyte Proteome	19
PXD014499	2019-07-05	Molecular basis of b-adrenergic regulation of cardiac calcium current	18
PXD010950	2018-08-30	4 RABs proxymity labelling -  APEX2-mediated RAB proximity labeling identifies a role for RAB21 in clathrin-independent cargo sorting	18
PXD005566	2016-12-14	Hybrid structural modeling of protein-RNA complexes using crosslinking of segmentally isotope labeled RNA and tandem mass spectrometry	18
PXD007695	2017-09-08	Lipid droplet-targeted APEX proteome	18
PXD008050	2017-10-26	UVA and to UV-oxidized lipids proteomic regulation of the human keratinocytes	18
PXD011235	2018-10-01	AOCM-CPC - Kinetochores are macromolecular protein complexes that ensure accurate chromosome segregation by linking chromosomes to spindle microtubules and integrating safeguard mechanisms	18
PXD011702	2018-11-15	A well-controlled BioID design for endogenous bait proteins	18
PXD011704	2018-11-15	QToF Cross-linking Optimisation	18
PXD019507	2020-06-02	Expanding the cross-link coverage of a dihydrazide-based carboxyl-group specific chemical cross-linking strategy - Dataset 2: Bovine 20S proteasome	18
PXD019508	2020-06-02	Expanding the cross-link coverage of a dihydrazide-based carboxyl-group specific chemical cross-linking strategy - Dataset 3: E. coli 70S ribosome	18
PXD020084	2020-06-29	Cryo-EM structures of dynactin’s shoulder and pointed end show their complex architecture and reveal conserved cargo adaptor binding sites	18
PXD020302	2020-07-10	Analysis of cross-link on Tranaldolase	18
PXD019771	2020-06-15	The linear ubiquitin chain assembly complex LUBAC generates heterotypic ubiquitin chains	18
PXD028685	2021-09-21	Comprehensive atlas of the myelin basic protein interaction landscape	18
PXD023891	2021-01-29	Protein extraction method improvement for FFPE kidney tissue samples	18
PXD025980	2021-05-12	Proximity-dependent biotinylation detects association between stress granule associated proteins and SARS coronavirus nonstructural protein 1	18
PXD005287	2016-11-07	Chemical cross-linking of the Spindly-RZZ complex followed by mass spectrometry	18
PXD027149	2021-07-07	A Chemical Tool for Blue Light-Inducible Proximity Photo-crosslinking in Live Cells	18
PXD023577	2021-01-14	Deciphering the architecture and interactome of the spliceosomal C complex using in vivo chemical crosslinking	18
PXD032113	2022-03-07	Enhanced RNA Interactome capture (eRIC) and total proteome of mouse brain, kidney and liver	18
PXD034241	2022-06-01	LC-MSMS of Arabidopsis thaliana flower bud samples (TurboID-based proximity labeling of meiotic chromosome axes)	18
PXD031601	2022-02-11	APEX2 labeling of Sec bodies in S2 cells	18
PXD041011	2023-03-21	Interaction between GPR110 (ADGFR1) and tight junction protein occludin implicated in blood-brain barrier permeability	18
PXD039612	2023-01-23	Detection of Arc/Arg3.1 oligomers in rat brain: constitutive and synaptic activity-evoked dimer expression in vivo	18
PXD043532	2023-07-04	A hierarchical assembly pathway directs the unique subunit arrangement of TRiC/CCT	18
PXD045824	2023-09-29	Dynamic metabolic efficiency of substrate utilization by copiotrophic marine bacteria	18
PXD039054	2022-12-22	Time-resolved profiling of mRNA-protein interaction through mRNA life cycle	18
PXD047455	2023-12-02	Ubiquitin-specific proximity labeling for the identification of E3 ubiquitin ligase substrates	18
PXD043088	2023-06-19	Characterization of microbe-containing phagosomes using APEX2-based proximity labeling	18
PXD041908	2023-05-01	Targeting APEX2 to the mRNA encoding fatty acid synthase β in yeast identifies proteins that bind and control its translational efficiency in the cell cycle	18
PXD040452	2023-02-27	Proximity interactome of lymphatic VE-cadherin reveals mechanisms of junctional remodeling and reelin secretion.	18
PXD055778	2024-09-11	Proximity labeling of trans-cinnamic acid 4-hydroxylase in Petunia inflata petal protoplasts	18
PXD053341	2024-06-24	photo-crosslinking mass spectrometry localises SNAPC5 and SNAPC2 in SNAPc	18
PXD060825	2025-02-14	Interaction of Human Cytomegalovirus pUL52 with major components of the viral DNA encapsidation network underlines its essential role in genome cleavage-packaging	18
PXD060083	2025-01-22	Plectin-mediated cytoskeletal crosstalk as a target for inhibition of hepatocellular carcinoma growth and metastasis – in vitro phosphoproteomics	18
PXD061125	2025-02-24	Identification of potential self-interaction sites on golgin Imh1-C213 by cross-linking mass spectrometry	18
PXD062688	2025-04-07	Fibrin clot proteomics exploring TG2 versus FXIIIA modification of the insoluble fibrin clot	18
PXD063839	2025-05-11	In cellulo cysteine umpolung for protein structure probing: XL LC-MS/MS Data	18
PXD060852	2025-02-17	Naive and DSS Murine Colon TMTpro bRP fractionation N-terminomics	18
PXD065871	2025-07-07	Expanding the crosslinking mass spectrometry toolbox with vinyl sulfone crosslinkers	18
PXD065858	2025-07-07	Expanding the crosslinking mass spectrometry toolbox with vinyl sulfone crosslinkers	18
PXD065912	2025-07-08	Expanding the crosslinking mass spectrometry toolbox with vinyl sulfone crosslinkers	18
PXD065946	2025-07-09	Expanding the crosslinking mass spectrometry toolbox with vinyl sulfone crosslinkers	18
PXD001609	2014-12-15	Validation of a novel shotgun proteomic workflow for the discovery of protein-protein interactions: focus on ZNF521	17
PXD005028	2016-09-23	SpaP and SpaR interaction partner identification	17
PXD026622	2021-06-10	The RNA-binding protein RBP42 regulates cellular energy metabolism in mammalian-infective Trypanosoma brucei	17
PXD028522	2021-09-16	Molecular architecture of the antiophidic protein DM64 and its binding specificity to myotoxin II from Bothrops asper venom	17
PXD040984	2023-03-20	An UBX domain in UBXD1 organizes Ub binding at the C-terminus of the VCP/p97 AAA-ATPase	17
PXD051588	2024-04-19	STRUCTURE OF APOLIPOPROTEIN B100 BOUND TO LOW-DENSITY LIPOPROTEIN RECEPTOR (SDA ASPN XL DATA)	17
PXD058514	2024-12-03	Development of polyvalent folate receptor-targeting chimeras (FRTACs) for lysosomal degradation of membrane proteins	17
PXD046652	2023-11-03	FOXA1 proximity labeling reveals novel interactions with NR2C2 in ER+ breast cancer	17
PXD013083	2019-03-13	Finding and using Diagnostic Ions in Collisional Induced Crosslinked Peptide Fragmentation Spectra	16
PXD000922	2014-07-25	Mycoplasma gallisepticum S6 -  Transcriptome analysis reveals novel regulatory mechanisms in a genome-reduced bacterium	16
PXD008365	2017-12-05	Quantitative Proteomics Identify a Novel DNA Repair-Dependent Role for Hepatocyte Nuclear Factor 4α	16
PXD008975	2018-02-21	Mango-EcoliBDP -  Mango: A General Tool for Collision Induced Dissociation-Cleavable Cross-Linked Peptide Identification	16
PXD010124	2018-06-14	Human BAF complex (HA-DPF2 pulldown and SS18-Flag pulldown)	16
PXD017531	2020-02-17	Interaction mapping of human condensin I and condensin II complexes using DSBU-cross-linking and mass spectrometry	16
PXD013967	2019-05-22	Histone octamer structure is altered early in ISW2 ATP-dependent remodeling of nucleosomes	16
PXD016723	2020-01-30	In situ identification of S-sulfenylation sites in Arabidopsis thaliana using the genetic YAP1 probe	16
PXD026067	2021-05-18	Identification of Actin Filament Interactors in Giardia lamblia	16
PXD025088	2021-03-29	Polymyxin resistance in colibactin-producing Escherichia coli induces host genotoxicity	16
PXD025662	2021-04-27	Molecular architecture of the human tRNA ligase complex	16
PXD008763	2018-01-26	The unusual properties of the photosynthetic cytochrome c550 from the red algal lineage evidence additional biological roles	16
PXD033409	2022-04-24	Xlink Mapping and AnalySis (XMAS) - Crosslinking study of commercial human Fibrinogen	16
PXD018316	2020-04-01	Vigilin/HDLBP promotes translation of endoplasmic reticulum-targeted mRNAs	16
PXD029133	2021-10-14	Systematic Evaluation and Optimization of Protein Extraction Parameters in Diagnostic FFPE Specimens	16
PXD033346	2022-04-21	Structural basis for the c-di-AMP - dependent regulation of the stringent response by DarB	16
PXD028882	2021-10-01	TERRA interactome in human ALT cancer cells identified by iDRiP-MS method	16
PXD034457	2022-06-10	Proteomic Analysis of RAP (RNA Antisense Purification) isolated RNPs (RiboNucleotide Particles) harboring the novel lncRNA mimi	16
PXD032098	2022-03-07	Structure of the AAA-ATPase Drg1 during extraction of Rlp24 from pre-60S particles	16
PXD029794	2021-11-18	Profiling of protein interactions of the circRNA cZNF292 in endothelial cells	16
PXD025194	2021-04-06	RNA-interactome capture in human embryonic stem cells (hESCs)	16
PXD035591	2022-07-25	Structural surfaceomics of Nomo-1 using PhoX cross-linker with timsTOF	16
PXD038052	2022-11-08	Interactome of Drosophila Cryptochrome in Drosophila S2 cell line	16
PXD046754	2023-11-07	Lipopolysaccharide-induced changes in the RNA-binding proteome of mouse macrophages	16
PXD037894	2022-11-03	Chemical proteomics with novel fully functionalized fragments and stringent target prioritization identifies the glutathione-dependent isomerase GSTZ1 as a lung cancer target: SuTEx of GSTZ1 KD	16
PXD036149	2022-08-18	Structure of Saccharomyces cerevisiae Mediator-RNA polymerase II pre-initiation complex for divergent transcription	16
PXD032976	2022-04-03	ProteasomeID: quantitative mapping of proteasome interactomes and substrates for in vitro and in vivo studies	16
PXD044885	2023-08-26	Label-free quantitative data dependent (DDA) nano-LC-MS/MS analysis of proteomic changes in the mesenteric lymph harvested from healthy (control) and DSS-fed mice models of colitis	16
PXD040864	2023-03-14	Mitochondrial interactome quantitation with dead-end peptides in failing murine heart	16
PXD026696	2021-06-14	Investigation of interaction of p97, p37,  PPI, SDS22 and Inhibitor-3 using cross-linking mass spectrometry (CL-MS)	16
PXD049681	2024-02-19	Distinct interactomes of ADAR1 nuclear and cytoplasmic protein isoforms and their responses to Interferon induction	16
PXD050928	2024-03-24	Identification of Bik1 XL peptides (DSS)	16
PXD053999	2024-07-17	The sodium leak channel NALCN is regulated by the neuronal SNARE complex	16
PXD060912	2025-02-18	Proximity proteomics reveals a mechanism of fatty acid transfer at lipid droplet-mitochondria- endoplasmic reticulum contact sites	16
PXD055722	2024-09-09	Photoactivated SOPP3 enables APEX2-mediated proximity labeling with high spatio-temporal resolution in live cells	16
PXD058335	2024-11-27	CEPD/ROXY6-9 proteins activate N starvation response genes by interfering with the repressive activity of transcription factors TGA1 and TGA4	16
PXD058480	2024-12-02	Elongator is a microtubule polymerase selective for poly-glutamylated tubulin: ELP456 to Tubulin crosslinking	16
PXD061687	2025-03-11	Dataset 2: APEX2-p62 global proxitome proteomics with WT and 3/3	16
PXD063981	2025-05-15	Activation of an initiating phosphoglycosyl transferase by a single-domain response regulator	16
PXD064792	2025-06-09	Analysis of a BCOR internal tandem duplication in mouse embryonic stem cell to neuronal precursor differentiation	16
PXD065739	2025-07-03	A Proximity dependent labeling approach to define flotillin-2 interacting proteins within Membrane Domains of HeLa cells	16
PXD064535	2025-06-03	Defining mechanisms of multifunctionality in the rabies virus P protein: key roles of conformational diversity and RNA interaction in forming host interfaces	16
PXD059716	2025-01-13	Proteomics of tau repeat domain interactome via split TurboID proximity labeling	16
PXD066874	2025-08-02	Proteomics of tau repeat domain interactome via split TurboID proximity labeling in neuronal cells	16
PXD051298	2024-04-09	Developmental regulation of Erk signaling by mitotic kinases	16
PXD003917	2016-04-06	Proteome analysis of subcellular fractions of HeLa cells	15
PXD003737	2016-03-03	An optimised fragmentation regime for cross-linking/mass spectrometry	15
PXD001835	2015-02-23	3D topology of the SMC2/SMC4 sub-complex from chicken condensin I revealed by cross-linking and molecular modelling	15
PXD002169	2015-05-12	Fixated rat liver tissue -  Cleavable crosslinkers as tissue fixation reagents for proteomic analysis	15
PXD012109	2018-12-19	pLink 2: A high-speed search engine with systematic evaluation for proteome-scale identification of cross-linked peptides	15
PXD012370	2019-01-16	A folded conformation of MukBEF and Cohesin	15
PXD012753	2019-02-18	Young, old, OVX mouse Skin LC-MSMS, 3M Urea extraction	15
PXD017299	2020-01-28	Influence of cross-linker polarity on selectivity towards lysine side chains	15
PXD014426	2019-06-28	ZapE/Afg1 is Oxa1-dependent regulator of respiratory complexes in trypanosomes	15
PXD021872	2020-10-07	Chemical-crosslinking of SurA with DSBU to unfolded Omps (OmpA and OmpX)	15
PXD024301	2021-02-22	Molecular basis of F-actin regulation and sarcomere assembly via myotilin	15
PXD020165	2020-07-03	Using BioID2 to map domain specific Ku70 protein interactors	15
PXD021822	2020-10-05	Identification of proteins in the interactomes of 4 DNA-repair proteins of Deinococcus radiodurans	15
PXD019048	2020-05-08	A2M-3K DSSO cross-linking to identify the bait region position	15
PXD021126	2020-08-26	Structural analysis of the PTEN:P-Rex2 signaling node reveals how cancer-associated mutations coordinate to hyperactivate Rac1	15
PXD036107	2022-08-16	Systematic mutagenesis of TFIIH subunit p52/Tfb2 identifies residues required for XPB/Ssl2 subunit function and genetic interactions with TFB6	15
PXD037049	2022-09-27	Biochemically validated structural model of the 15-subunit intraflagellar transport complex IFT-B	15
PXD033748	2022-05-06	Biochemical and structural insights into SARS-CoV-2 polyprotein processing by Mpro (XL-MS)	15
PXD029944	2021-11-26	Identification of protein-protein interaction mediated by N-myristoylated proteins using photocrosslinkable clickable myristoylation probes X3 and X10	15
PXD036182	2022-08-21	In vivo proximity labeling identifies the interactome of the endoribonuclease Zucchini in Drosophila ovary.	15
PXD025581	2021-04-23	Screening for Ku70 phosphoS155-dependent proximal proteins	15
PXD042224	2023-05-15	Quantitative ChIP-MS analysis of histone modifications present on H3K4me1- and H3K4me3-enriched mono-nucleosomes purified from crosslinked IMR-90 cells	15
PXD041378	2023-04-06	APEX proximity labeling of murine NDUFS4 interacting proteins in podocytes	15
PXD041679	2023-04-20	Transcription-coupled DNA-Protein Crosslink repair by CSB and  CRL4(CSA)-mediated degradation	15
PXD043347	2023-06-27	Epitope and Paratope Mapping of TNFα/Infliximab complex by cross-linking mass spectrometry and integrative modeling reveals high level of interaction specificity	15
PXD042697	2023-06-02	Ubiquitin-specific proximity labeling for the identification of E3 ubiquitin ligase substrates	15
PXD036885	2022-09-21	De novo protein identification in mammalian sperm using high-resolution in situ cryo-electron tomography	15
PXD040690	2023-03-08	Proximity labeling – LC/MS-MS with SCRM-TbID in A. thaliana seedlings	15
PXD054760	2024-08-09	The USP12/46 deubiquitinases protect integrins from ESCRT-mediated lysosomal degradation	15
PXD052801	2024-06-03	Combining quantitative proteomics and interactomics for a deeper insight into molecular differences between human cell lines	15
PXD026196	2021-05-21	BioID-screening reveals the Alk “proximitome” of the Drosophila brain	15
PXD065516	2025-06-26	Cryo-EM structures of the Plant Augmin reveal its intertwined coiled-coil assembly, antiparallel dimerization and NEDD1 binding mechanisms	15
PXD003532	2016-01-27	Proteomic Analysis of Loricrin Knockout Mouse Epidermis IBAQ	14
PXD005786	2017-01-26	Oncogenic BRD4-NUT protein interactions	14
PXD005948	2017-02-22	Yeast SWI/SNF complex -  Loss of Snf5 Induces Formation of an Aberrant SWI/SNF Complex	14
PXD015212	2019-08-29	Co-immunoprecipitation of FAMA-interacting proteins in Arabidopsis thaliana seedlings	14
PXD015682	2020-03-11	Characterization of Integrator module INTS10-INTS13-INTS14 and its connection to the cleavage module Part I	14
PXD021761	2020-09-30	Structural basis for heme-dependent NCoR binding to the transcriptional repressor REV-ERBβ	14
PXD024361	2021-02-24	Proteomic profiling of the ciliary Hedgehog response reveals coordinated exit of GPR161 and PKA	14
PXD020453	2020-07-20	Structural insights into Cullin4-RING ubiquitin ligase remodelling by Vpr from simian immunodeficiency viruses	14
PXD025141	2021-04-01	Dynamic tracking and identification of tissue-specific secretory proteins in the circulation of live mice	14
PXD031540	2022-02-09	Indentification of RecBCD Auxiliary ATP binding	14
PXD030366	2021-12-13	ANR DeepProt : A structural analysis of heated Ovalbumin by crosslink proteomics	14
PXD024946	2021-03-23	TRIM72 cross-linked by the higher-order assembly on the negatively charged liposome surface	14
PXD045837	2023-09-30	Structural mechanisms of  autoinhibition and substrate recognition  by the ubiquitin ligase HACE1	14
PXD051693	2024-04-24	Single electron transfer between sulfonium and tryptophan enables site-selective photo crosslinking of methyllysine reader proteins	14
PXD059558	2025-01-08	PfFBXO1 is essential for inner membrane complex formation in Plasmodium falciparum during both asexual and transmission stages	14
PXD025903	2021-05-09	Trifunctional PIP3 binder identification	14
PXD058529	2024-12-03	Structure of human PINK1 at a mitochondrial TOM/VDAC array	14
PXD063033	2025-04-16	Design and Characterisation of Photoactivatable and Lysine Reactive Ortho Nitrobenzyl Alcohol-Based Crosslinkers	14
PXD048174	2023-12-30	Mapping the lipid droplet proteome by using proximity labeling in ccRCC cell lines	14
PXD053832	2024-07-10	Proteomics analysis of lipid droplets proteins in ccRCC cells	14
PXD060867	2025-02-17	Dissecting the RAD51–BRC4 Interaction Landscape through Integrative Molecular Simulations and Experimental Biophysics	14
PXD063786	2025-05-09	Structural analysis of the CSN complex to understand its inhibition mechanism	14
PXD003673	2017-09-01	Differential Enzymatic 16O/18O Labelling for the Detection of Cross-Linked Nucleic Acid-Protein Heteroconjugates	13
PXD010122	2018-06-14	Human pBAF complex (HA-BRD7, PHF10-HA pulldown)	13
PXD015479	2019-09-17	LC-MSMS of cell secretome for MAP1LC3B interactors	13
PXD017128	2020-01-15	Synaptamide activates the adhesion GPCR GPR110 through conformational changes induced by GAIN domain binding	13
PXD019484	2020-06-01	Mitochondrial protein interaction landscape of SS-31	13
PXD011775	2018-11-21	An Mtw1 C terminal motif is cruical for cooperative outer kinetochore assembly in budding yeast	13
PXD021434	2020-09-11	K562 cell lime LC-MSMS,Quantitative measurement of hydrophobicity dependent LLPS property of chromatin condensate	13
PXD036262	2022-08-25	Proximity labeling via MLF2-APEX2 fusion	13
PXD042674	2023-06-02	Ubiquitin-specific proximity labeling for the identification of E3 ubiquitin ligase substrates	13
PXD040156	2023-02-16	Deciphering the interaction between TopBP1 and GINS using crosslinking mass spectrometry	13
PXD065958	2025-07-09	Expanding the crosslinking mass spectrometry toolbox with vinyl sulfone crosslinkers	13
PXD065961	2025-07-09	Expanding the crosslinking mass spectrometry toolbox with vinyl sulfone crosslinkers	13
PXD006255	2017-04-04	Rapid processing of archival tissue samples for proteomic analysis using pressure-cycling technology	12
PXD002707	2015-08-12	LC-MS/MS analysis of IαI proteoglycopeptides	12
PXD003788	2016-06-20	Temporal regulation of Lsp1 O-GlcNAcylation and phosphorylation duringactivated Bcellsapoptosis	12
PXD013194	2019-03-22	Proximity proteomics of endothelial Weibel-Palade bodies identifies novel regulator of VWF secretion	12
PXD003171	2015-11-10	Host-microbiota interactions in the pathogenesis of antibiotic-associated diseases: DSS	12
PXD004183	2016-05-19	Identification of Plasmodium yoelii ALBA4 Binding partners by Immunoprecipitation/nano LC-MS/MS	12
PXD005201	2016-10-21	Analysis of the cilia membrane proteome by cmAPEX	12
PXD005676	2017-01-09	Architecture of TAF11/TAF13/TBP complex suggests novel regulatory state of human general transcription factor TFIID	12
PXD007185	2017-08-03	Neuropilin-2 (NRP2) is the receptor for human cytomegalovirus (HCMV) pentameric complex and is responsible for HCMV infection	12
PXD009239	2018-03-16	Two faces of an essential PknB substrate in mycobacteria	12
PXD010123	2018-06-14	Drosophila BAF complex crosslinking (	12
PXD014067	2019-05-29	Comprehensive detection of isopeptides between human tissue transglutaminase and gluten peptides using a reciprocal proteomic approach	12
PXD013470	2019-04-12	CryoEM Structures of Arabidopsis DDR Complexes Involved in RNA-directed DNA Methylation	12
PXD019156	2020-05-13	MCM8IP activates the MCM8-9 helicase to promote DNA synthesis and homologous recombination upon DNA damage	12
PXD012427	2019-01-18	Altered Domain Structure of the Prion Protein Caused by Cu2+ Binding and Functionally Relevant Mutations: Analysis by Cross‐Linking, MS/MS, and NMR	12
PXD020119	2020-06-30	Chemical Proteomics Tracks Virus Entry and Uncovers NCAM1 As Zika Virus Receptor	12
PXD020339	2020-07-14	Integrative Vectors for Regulated Expression of SARS-CoV-2 Proteins Implicated in RNA Metabolism	12
PXD022023	2020-10-16	FAX-RIC enables robust RNA interactome profiling in multicellular organisms in vivo	12
PXD017868	2020-03-04	Systematic discovery of Short Linear Motifs decodes calcineurin phosphatase signaling	12
PXD020042	2020-06-26	An Undesirable Side Effect of EDC-catalyzed Carboxyl Labeling Approach	12
PXD016196	2019-11-08	Purified Smc5/6 complex exhibits DNA substrate recognition and compaction	12
PXD023022	2020-12-09	Molecular architecture of the endocytic TPLATE complex – part1 TAP/BS3 cross-linking dataset	12
PXD024367	2021-02-24	Proteomic profiling of the ciliary Hedgehog response reveals coordinated exit of GPR161 and PKA	12
PXD005943	2017-02-21	Saccharomyces cerevisiae mRBPome in oxidative stress conditions	12
PXD026935	2021-06-25	CX-MS of Phospho-regulated Bim1/EB1 interactions trigger Dam1c ring assembly at the budding yeast outer kinetochore	12
PXD023072	2020-12-11	Notch-Jagged signaling complex defined by an interaction mosaic	12
PXD026926	2021-06-25	Interactome of a TurboID-tagged BRD9 in the presence or absence of IFN-a2	12
PXD019428	2020-05-28	Identification of interacting proteins of Pdcd7 (U11-59K)	12
PXD021770	2020-10-01	Identification of proximal SUMO-dependent interactors using SUMO-ID	12
PXD020340	2020-07-14	Chemical genetics and proteome-wide site mapping reveal cysteine MARylation by PARP-7 on immune-relevant protein targets	12
PXD029091	2021-10-12	A genetically-encoded crosslinker screen identifies SERBP1 as a PKC substrate influencing translation and cell division	12
PXD029289	2021-10-22	Mass spectrometric identification of antimicrobial peptides from medicinal seeds	12
PXD028313	2021-09-09	HAP40 orchestrates huntingtin structure for differential interaction with polyglutamine expanded exon 1	12
PXD030569	2021-12-21	Enhancer RNAs stimulate Pol II pause release by harnessing multivalent interactions to NELF	12
PXD029960	2021-11-26	Investigating the interactome of TurboID-tagged RABGAP1L in the presence or absence of IFNa2 by proximity labeling proteomics	12
PXD023368	2021-12-16	Global mapping of RNA-binding proteins in multi-drug resistant Staphylococcus aureus using 2C_1	12
PXD023414	2021-12-16	Global mapping of RNA-binding proteins in multi-drug resistant Staphylococcus aureus using PTex	12
PXD023593	2021-01-14	Structural analysis of neurofibromin by crosslinking mass spectrometry	12
PXD031421	2022-02-03	Structure and molecular assembly of a MuvB transcription factor complex with the nucleosome	12
PXD034627	2022-06-17	An Unexpected Encounter: Respiratory Syncytial Virus Non-Structural Protein 1 Interacts With Mediator Subunit MED25	12
PXD028415	2021-09-09	HAP40 orchestrates huntingtin structure for differential interaction with polyglutamine expanded exon 1	12
PXD034639	2022-06-19	An improved TurboID-based proximity labeling pipeline in C. elegans by biochemical depletion of endogenously biotinylated carboxylases	12
PXD037432	2022-10-14	Proximity labelling with TurboID shows that client proteins of PML NBs differ in three cell contexts	12
PXD032763	2022-03-23	- The STAR assay: A new sensitive, selective, and versatile method for isolation of DNA-protein crosslinks	12
PXD035668	2022-08-01	Disordered region encodes α-crystallin chaperone activity toward lens client γD-crystallin	12
PXD036113	2022-08-16	Proximity labeling facilitates defining neighborhood proteome of photosystem II oxygen evolution complex in a model cyanobacterium	12
PXD038629	2022-12-07	Selennoprotein S interacts with the replication and transcription complex of the SARS-CoV-2 by binding nsp7	12
PXD026603	2021-06-10	XL-MS Analysis of Recombinant GPR158:RGS7:Gb5 Complex in Detergent Micelles	12
PXD035576	2022-07-25	Systematic mutagenesis identifies p52/Tfb2 residues required for XPB/Ssl2 function within TFIIH and genetic interactions with TFB6	12
PXD037438	2022-10-14	A hybrid structural determination approach to investigate protein-RNA complexes of the nucleocapsid protein of SARS-CoV-2	12
PXD030849	2022-01-09	Cullin-independent recognition of HHARI substrates by a dynamic RBR catalytic domain	12
PXD042123	2023-05-10	A Spatiotemporal Notch Interaction Map from Membrane to Nucleus	12
PXD044574	2023-08-14	Kv2.1 IP dataset On_BeadMK8_2018	12
PXD039289	2023-01-05	Conformational coupling of redox-driven Na+ translocation in Vibrio cholerae NADH:quinone oxidoreductase	12
PXD031782	2022-02-21	Label-free quantitative (LFQ) proteomic analysis of redox mediated posttranslational modifications (PTM) in the cartilage from young and old osteoarthritis (OA) mice with or without the senolytic treatment	12
PXD035813	2022-08-04	A Proximity Labeling Strategy Provides Insights into the Composition and Dynamics of mitochondria-lipid droplet contact proteomes	12
PXD035801	2022-08-04	A Proximity Labeling Strategy Enables Spatial Proteomic Analysis of Inter-organelle Membrane Contacts in Living Cells	12
PXD040939	2023-03-17	Combination of in-vivo proximity labeling and co-immunoprecipitation identifies the host target network of a tumor-inducing effector in the fungal maize pathogen Ustilago maydis	12
PXD031692	2022-02-15	Mmp14 is essential for circadian clock rhythmicity in fibroblasts	12
PXD034902	2022-06-26	Proteomic analysis of Dscc1 knockout mouse cells	12
PXD042826	2023-06-08	Quantitative ChIP-MS analysis of proteins associated with H3K4me1- and H3K4me3-enriched mono-nucleosomes purified from crosslinked IMR-90 cells	12
PXD041181	2023-03-29	STIM1 Translocation to The Nucleus Protects Cells from DNA Damage	12
PXD039489	2023-01-16	Thrombin activation of the factor XI dimer is a multi-staged process for each subunit	12
PXD043789	2023-07-14	BioID-proximity labeling of GATAD1 variants	12
PXD047929	2023-12-19	RAD18_RAD6_MAGEA4_Cross-linking_Mass_Spectrometry	12
PXD042706	2023-06-03	Ubiquitin-specific proximity labeling for the identification of E3 ubiquitin ligase substrates	12
PXD048298	2024-01-07	MAGE-A4 TCR-like antibody immunoprecipitation in A375 and A375 MAGE-A4 KO xenograft tissue	12
PXD035720	2022-08-02	The T6SSs of the entomopathogenic Photorhabdus laumondii revealed interbacterial competition and cross-link with diverse Photorhabdus-virulence mechanisms	12
PXD049182	2024-02-05	Proximity labeling of host factor ANXA3 in HCV infection reveals a novel LARP1 function in viral entry	12
PXD046634	2023-11-03	Analysis of conformational changes induced by binding of allosteric nanobodies to a bacterial LRRK2 homologue by CX-MS	12
PXD033008	2022-04-06	ProteasomeID: quantitative mapping of proteasome interactomes and substrates for in vitro and in vivo studies	12
PXD032833	2022-03-26	ProteasomeID: quantitative mapping of proteasome interactomes and substrates for in vitro and in vivo studies	12
PXD034965	2022-06-29	ProteasomeID: quantitative mapping of proteasome interactomes and substrates for in vitro and in vivo studies	12
PXD047277	2023-11-27	APEX2 mediated proximity labeling to investigate the proximal proteome of mitochondria tethered ULK1 in wild type and fip200 knock down cells	12
PXD054002	2024-07-17	A Nitrogen-specific Interactome Analysis Sheds Light on the Role of the SnRK1 and TOR Kinases in Plant Nitrogen Signaling - part2 kinase assay	12
PXD035939	2022-08-10	An isobaric quantitative crosslinking mass spectrometry technology for studying conformational and structural changes in proteins and protein complexes	12
PXD058168	2024-11-22	DSIF factor Spt5 coordinates transcription, maturation and exoribonucleolysis of RNA polymerase II transcripts	12
PXD058694	2024-12-09	Proteomic analysis of co-immunoprecipitation of MUC17(7TR) in Caco- cells using SILAC	12
PXD051557	2024-04-18	Proximity Labeling and Genetic Screening Reveals the Role of DSG2/Siglec-9 Axis in Suppressing Macrophage Phagocytosis	12
PXD047643	2023-12-08	Chromosome end protection by RAP1-mediated inhibition of DNA-PK	12
PXD051937	2024-05-02	APEX2-based proximity labelling of Staphylococcus aureus receptors on human lung microvascular endothelial cells	12
PXD061576	2025-03-07	Integrated proteome and lipidome analyses place OCIAD1 at mitochondria-peroxisome intersection balancing lipid metabolism	12
PXD054973	2024-08-17	Cross-linking mass spectrometry of DMXL1-mNG immunoprecipitated complex	12
PXD047543	2023-12-05	Next generation mapping of the salicylic acid signaling hub and transcriptional cascade	12
PXD055877	2024-09-16	Changes in Cereblon substrates landscape upon molecular glue treatment	12
PXD041504	2023-04-13	Neutrophil-derived PAD4 induces citrullination of CKMT1 in epithelial cells to exacerbate mucosal inflammation	12
PXD052584	2024-05-27	Cross-linking MS supporting: Structural stabilization of the intrinsically disordered SARS-CoV-2 N by binding to RNA sequences engineered from the viral genome	12
PXD063192	2025-04-22	Label-free LC-MS/MS analysis of proteins associated with expanded G4C2 hexanucleotide repeat-containing transcripts in human induced pluripotent stem cells	12
PXD063858	2025-05-12	Identification of TDP-43 - TAU interactions by XL-MS	12
PXD058764	2024-12-11	Nonuple atg8 mutant provides genetic evidence for functional specialization of ATG8 isoforms in Arabidopsis thaliana	12
PXD066655	2025-07-28	HeLa cell protein interactome of polyamine affinity-based probes (probe-modified peptides)	12
PXD059495	2025-01-07	Structural surfaceomics of myeloma models to identify tumor-specific protein conformations	12
PXD065782	2025-07-04	The multimerization pathway of the glucocorticoid receptor	12
PXD002656	2015-09-25	Dithiothreitol (DTT) acts as a specific, UV-inducible cross-linker in elucidation of protein-RNA interactions	11
PXD012377	2019-01-16	A folded conformation of MukBEF and Cohesin	11
PXD018106	2020-03-19	Crosslinking mass spectrometry analysis of 𝛾TuRC complex	11
PXD019017	2020-07-01	XL-MS analysis of AMPK activation loop accessibility regulation.	11
PXD026912	2021-06-24	MAD2L2 dimerization and TRIP13 control shieldin activity in DNA repair	11
PXD037183	2022-10-05	The structural basis for the self-inhibition of DNA binding by apo-σ70 - CLMS data	11
PXD034993	2022-06-30	A homozygous PPP1R21 splice variant associated with severe developmental delay, absence of speech and muscle weakness leads to activated proteasome function	11
PXD038398	2022-11-26	Translation-coupled sensing and degradation of RNA-protein crosslinks	11
PXD048180	2023-12-30	SRSF1 interactome determined by proximity labeling reveals direct interaction with spliceosomal RNA helicase DDX23	11
PXD053489	2024-06-28	PEX14 acts as a molecular link between optineurin and the autophagic machinery to induce pexophagy	11
PXD067296	2025-08-13	Regulation of ADP-ribosyltransferase activity by ART domain dimerization in PARP15	11
PXD059635	2025-01-10	Cross-linking and mass spectrometry analysis of Trypanosoma brucei proteins	11
PXD048145	2023-12-27	Intensity and retention time prediction improves the rescoring of protein-nucleic acid cross-links	11
PXD065870	2025-07-07	Expanding the crosslinking mass spectrometry toolbox with vinyl sulfone crosslinkers	11
PXD008868	2018-02-06	TRiC controls transcription resumption after UV damage by regulating Cockayne Syndrome protein A	10
PXD013063	2019-03-12	HeLa Cells Cross-Linked In Vivo versus as a Lysate	10
PXD001593	2014-12-10	Age-related cleavages of crystallins in human lens cortical fibre cells generate a plethora of low molecular weight peptides and cross-linked crystallin complexes	10
PXD006359	2017-04-24	Identification of Siglec ligands in human B cell	10
PXD009302	2018-03-23	Proximity labeling by a recombinant APEX2-FGF1 fusion protein reveals interaction of FGF1 with the proteoglycans CD44 and CSPG4	10
PXD011077	2018-09-13	Cross-ID: An Interactive Platform for in-depth Analysis and Visualization of Complex XL-MS Driven Protein Interaction Networks	10
PXD012661	2019-02-11	RNA-bound proteome of Mycobacterium bovis	10
PXD012754	2019-02-18	Ageing Mouse Skin LC-MSMS, NaCl extraction	10
PXD011296	2019-05-22	High-density chemical cross-linking for modeling protein interactions	10
PXD020759	2020-08-06	Quantitative interactomics of Lck-TurboID in living human T cells unveils T cell receptor stimulation-induced proximal Lck interactors	10
PXD021622	2020-09-22	Mapping glycan-mediated galectin-3 interactions by live cell proximity labeling	10
PXD021007	2020-08-19	Phomopsis amygdala fusicoccadiene synthase	10
PXD024168	2021-02-15	Identification of indisulam-mediated DCAF15 interacting proteins by TurboID and shotgun proteomics	10
PXD025620	2021-04-26	Amyloid-beta Citrullination in Alzheimer's Disease	10
PXD029296	2021-10-22	Exploring the mechanism of action of Canmei formula against colorectal adenoma through multi-omics technique	10
PXD013032	2019-03-11	Identification of Siglec-E-ligand candidates on BCL-1 mouse B cell line by proximity labeling	10
PXD002392	2015-06-18	Dithiothreitol (DTT) acts as a specific, UV-inducible cross-linker in elucidation of protein-RNA interactions	10
PXD018313	2020-04-01	Vigilin/HDLBP promotes translation of endoplasmic reticulum-targeted mRNAs	10
PXD035265	2022-07-11	A genetically-encoded photo-proximity labeling approach for mapping protein territories	10
PXD025796	2021-05-05	Quantitative Analysis of Samples Labeled with Multiplex iqPIR Cross-Linkers	10
PXD039754	2023-02-01	RNxQuest: an extension to the xQuest pipeline enabling analysis of protein-RNA cross-linking/mass spectrometry data	10
PXD035404	2022-07-20	Generation of Nomo-1 cell surfaceome database	10
PXD044643	2023-08-18	Targeted RNase H-mediated Extraction of crosslinked RBPs (TREX) for assessing U1 RNA interactome	10
PXD042118	2023-05-10	Bacteroidota assemble a unique type VI secretion system membrane complex	10
PXD040991	2023-03-21	mu-crystallin interactome in vivo	10
PXD028462	2021-09-14	Identifying global and mtCU independent MICU1 interactome utilizing BioID2 based proximity labeling and screening	10
PXD026979	2021-06-29	Dynamics of different mGBP as revealed by computational and experimental methods	10
PXD032398	2022-03-18	For origin melting Rep nucleoprotein complex accommodates both dsDNA and ssDNA of DUE	10
PXD045997	2023-10-09	Lysinoalanine crosslinking is a conserved post-translational modification in the spirochete flagellar hookLysinoalanine crosslinking is a conserved post-translational modification in the spirochete flagellar hook	10
PXD041203	2023-03-30	Murine podocyte mitochondrial complexsome analysis	10
PXD050097	2024-02-24	BS3 crosslinking of the Anaphase-Promoting Complex/Cyclosome (APC/C)	10
PXD046414	2023-10-26	Leveraging a self-cleaving peptide for tailored control in proximity labeling proteomics	10
PXD046413	2023-10-26	Leveraging a self-cleaving peptide for tailored control in proximity labeling proteomics	10
PXD042343	2023-05-18	Secretome profile of living constructs assembled from cell-to-cell crosslinking of human adipose tissue-derived mesenchymal stromal cells	10
PXD044921	2023-08-29	A genome-wide CRISPR interference screen using an engineered trafficking biosensor  reveals a role for DNAJC13 in opioid receptor downregulation	10
PXD055943	2024-09-17	Combining quantitative proteomics and interactomics for a deeper insight into molecular differences between human cell lines	10
PXD053197	2024-06-18	PLK1-Mediated Phosphorylation Cascade Activates Mis18 Complex to Ensure Centromere Inheritance	10
PXD053579	2024-07-02	Protein misfolding involving entanglements provides a structural explanation for the origin of stretched-exponential refolding kinetics	10
PXD052138	2024-05-09	SARS-CoV-2 Nsp2 recruits GIGYF2 near viral replication sites and supports viral protein production	10
PXD055795	2024-09-12	A newly identified class of protein misfolding is observed in all-atom folding simulations and supported by experimental structural ensembles	10
PXD025208	2021-04-06	BioID-screening identifies PEAK1 and SHP2 as components of the Alk “proximitome” in neuroblastoma cells	10
PXD053452	2024-06-27	BioID of the proteins CGP and FRM1 from Toxoplasma gondii	10
PXD059083	2024-12-20	Meta-unstable mRNAs in activated CD8+ T cells are defined by interlinked AU-rich elements and m6A mRNA methylation	10
PXD013215	2019-03-25	APEX2-mediated proximity labeling of mitochondrial matrix and chromatin in budding yeast	9
PXD008680	2018-01-15	U2OS Adhesion Isolations +/- CytochalasinD and Neomycin	9
PXD003678	2016-02-23	Dam1 complex-microtubule interaction	9
PXD011185	2018-09-25	Proteomic dynamic changes in HDL subfractions from mouse plasma	9
PXD002142	2015-05-05	Quantitative cross-linking/mass spectrometry	9
PXD003282	2015-12-07	Clamping down on transcription: repression of archaeal RNAP by the novel viral regulator RIP	9
PXD004107	2016-05-05	A model dataset for quantitative cross-linking/mass spectrometry using isotope-labeled cross-linkers	9
PXD004898	2016-08-25	Cross-linking of mouse laminin 111	9
PXD008941	2018-02-13	XLinkProphet Shotgun XL-MS - 9 Standard Protein Shotgun, ReACT, and Mango Search Results	9
PXD008951	2018-02-14	XLinkProphet Mango XL-MS - 9 Standard Protein Shotgun, ReACT, and Mango Search Results	9
PXD009001	2018-02-21	XLinkProphet ReACT XL-MS -  Increased sensitivity with automated validation of XL-MS cleavable peptide crosslinks	9
PXD009526	2018-04-17	Conformational control and DNA binding mechanism of the metazoan origin recognition complex	9
PXD015162	2019-08-27	Analysis of the global nuclear proteome and of the nuclear proteome of FAMA-expressing cells in seedlings of Arabidopsis thaliana using TurboID	9
PXD016241	2019-11-12	Identifying nucleic acid-associated proteins in Mycobacterium smegmatis by mass spectrometry-based proteomics	9
PXD018265	2020-03-30	The ShcA adapter protein cooperates with LPP to mediate adhesion dynamics and invadopodia formation	9
PXD014337	2019-06-21	A synthetic crosslinked peptide library for benchmarking crosslinking mass spectrometry search engines	9
PXD009159	2021-07-12	Phosphoproteomics Identifies Dual-Site Phosphorylation in an Extended Basophilic Motif Regulating FILIP1-mediated Degradation of filamin-C FLNc d18-21 BioID experiment	9
PXD027998	2021-09-28	Proximity labeling identifies LOTUS domain proteins that promote the formation of perinuclear germ granules in C. elegans	9
PXD023221	2020-12-18	Dual FAN1 activities stabilize the HTT CAG repeat	9
PXD025122	2021-03-31	RNase III CLASH uncovers sRNA regulatory networks coupling metabolism to production of cytolytic toxins in methicillin resistant Staphylococcus aureus	9
PXD031411	2022-02-03	Molecular architecture of the augmin complex	9
PXD030216	2022-06-22	Virotrap-based interactome analysis of a NTR protein	9
PXD030970	2022-10-19	Mass spectrometry-based proteomic comparison of BirA-SMN, BirA-SMN-Y109C and BirA proxisomes.	9
PXD028980	2021-10-07	Proximity Proteomics Revealed Dicer1 and Transporters as Client Proteins of Aha1	9
PXD025284	2021-04-09	Mass spectrometry based-proteomic analysis comparing the abundance of RNA-binding proteins (RBPs) between TE03 (I3) human embryonic stem cells (hESCs) and human foreskin fibroblasts (HFFs)	9
PXD039567	2023-01-20	Anti-Pol II pS5 co-immunoprecipitation in DIDO WT, KO and ΔSPOC HEK293T cells	9
PXD035452	2022-07-20	Amyotrophic Lateral Sclerosis-associated Mutants of SOD1 Modulate miRNA Biogenesis through Aberrant Interactions with Exportin 5	9
PXD041684	2023-04-20	Identification of the bacteriophage nucleus protein interaction network	9
PXD046793	2023-11-08	LPS-Stimulated Mouse Macrophage RNA Binding Protein Domain Enrichment and Analysis	9
PXD042687	2023-06-02	Ubiquitin-specific proximity labeling for the identification of E3 ubiquitin ligase substrates	9
PXD042691	2023-06-02	Ubiquitin-specific proximity labeling for the identification of E3 ubiquitin ligase substrates	9
PXD042694	2023-06-02	Ubiquitin-specific proximity labeling for the identification of E3 ubiquitin ligase substrates	9
PXD052825	2024-06-04	the Interaction Proteome of Ribosomal 40S Components PNO1 and NOB1 Using TurboID Proximity Labeling Technology	9
PXD053636	2024-07-04	Nucleotide independant as well as ATP-hydrolysis driven steps of Rea1 Linker remodelling drive the removal of assembly factors from pre-ribosomal particles: PhoX cross-linking of Rea1 in presence of ATPgS, AMP-PNP or Apo state.	9
PXD044289	2023-08-02	Variants in LRRC7 lead to intellectual disability, autism, aggression and abnormal eating behavior	9
PXD045846	2023-10-02	Forebrain Eml1 depletion reveals early centrosomal dysfunction causing subcortical heterotopia	9
PXD053382	2024-06-25	HARD-AP-drived RBPome in HEK293 cells, mouse brain and kidney without UV-crosslinking	9
PXD043984	2023-07-21	Unveiling conserved HIV-1 open reading frames encoding T cell antigens using ribosome profiling	9
PXD061317	2025-02-28	Unveiling Cellular Communications through Rapid Pan-Membrane-Protein Labeling	9
PXD062293	2025-03-27	Synechocystis sp. PCC 6803 LC-MSMS	9
PXD049047	2024-01-31	Structural basis of PROTAC-induced target ubiquitination mechanism  - identification of ubiquitin-rbx1 crosslinks	9
PXD060769	2025-02-13	VRN1-associated proteins in Arabidopsis thaliana plants during cold exposure	9
PXD061752	2025-03-12	In vivo proximity-labeling with miniTurboID to screen for protein-protein interactions in the filamentous ascomycete Sordaria macrospora	9
PXD058523	2024-12-03	Development of polyvalent folate receptor-targeting chimeras (FRTACs) for lysosomal degradation of membrane proteins	9
PXD058539	2024-12-03	Development of polyvalent folate receptor-targeting chimeras (FRTACs) for lysosomal degradation of membrane proteins	9
PXD054800	2024-08-12	Global RNA-Protein Interactome purification screening identifies RRP1 in IL-1-stimulated BMDM cells	9
PXD062643	2025-04-06	High Heme Resistance in Serratia plymuthica: Adaptive Mechanisms and Possible Role in Aedes aegypti Midgut Homeostasis	9
PXD041522	2023-04-13	Dynamic N-glycan rearrangement nucleates galectin-3 oligomers and drives endocytosis	9
PXD061693	2025-03-11	Cell-Surface RNA Forms Ternary Complex with RNA-Binding Protein and Heparan Sulfate to Recruit Immune Receptors Complex with RNA-Binding Protein and Heparan Sulfate to Recruit Immune Receptor	9
PXD065859	2025-07-07	Expanding the crosslinking mass spectrometry toolbox with vinyl sulfone crosslinkers	9
PXD065949	2025-07-09	Expanding the crosslinking mass spectrometry toolbox with vinyl sulfone crosslinkers	9
PXD013339	2019-04-02	Identification of HJURP binding determinants on the Mis18 complex using photo-cross-linking and mass spectrometry	8
PXD003766	2016-03-10	Proteolytic-independent role of mycosins in stabilization of the ESX-1 and ESX-5 type VII secretion membrane complexes.	8
PXD013183	2019-03-21	Proximity-dependent biotinylation by TurboID to identify protein-protein interaction networks in yeast	8
PXD006079	2017-03-13	Composite PRC1/dBRD4/MOZ/MORF protein complexes in Drosophila	8
PXD001080	2014-06-23	Entamoeba histolytica splicing/mRNP proteome	8
PXD008577	2018-01-02	A Peptidomimetic Antibiotic Interacts with the Periplasmic Domain of LptD from Pseudomonas aeruginosa	8
PXD003486	2016-01-19	Quantitative cross-linking/mass spectrometry analysis revealed unknown structure of complement iC3	8
PXD007836	2017-09-26	PVY Coat Protein Interactome - In order to identify cellular proteins interacting with the coat protein (CP) of Potato virus Y (PVY), we used coimmunoprecipitation of GFP-CP in PVY-infected Nicotiana benthamiana plants. To be able to pull down non-abundant interactors and to stabilize transient interactions, we used the crosslinker dithiobis(succinimidyl propionate) (DSP). With this we were able to identify a total of 147 potential CP interactors.	8
PXD009260	2018-03-20	Cross-linking of the microtubule binding N-terminal domain of the companion of cellulose synthase 1 protein (CC1∆C223) from Arabidopsis thaliana with tubulin	8
PXD008348	2017-12-01	Comprehensive identification of crosslinked peptides from methyltransferase Hmt1 and its substrate Npl3: use of multiple crosslinkers, mass spectrometry approaches and software platforms	8
PXD009756	2018-05-11	The cochaperone CHIP marks Hsp70- and Hsp90-bound substrates for degradation through a very flexible mechanism	8
PXD015366	2019-09-09	MS analysis of photocrosslink adducts for the mapping of interaction sites of selective engineered PSD-95 PDZ domain ligands	8
PXD016256	2019-12-09	Cooperation of the NEIL3 and Fanconi Anemia/BRCA Pathways in Interstrand Crosslink Repair	8
PXD016221	2019-11-11	2019 Brecht et al. RAG1 vAbl BioID LC-MS/MS	8
PXD016529	2019-11-29	Nucleolin uses its RBD2 domain to recognize long-loop G-Quadruplexes from human minisatellite CEB25	8
PXD017717	2020-03-05	Protein S-glutathionylation in HeLa cells identified by nanoLC-LTQ-Orbitrap XL MS/MS	8
PXD015941	2020-04-08	Structure of herpes simplex virus pUL7:pUL51, a conserved complex required for efficient herpesvirus assembly	8
PXD014898	2019-08-27	Mapping protein-DNA interactions by UV femtosecond laser crosslinking and mass spectrometry analysis	8
PXD019275	2020-05-19	Cryo-EM structures of holo condensin reveal a subunit flip-flop mechanism	8
PXD018600	2020-04-16	A Structure-Based Mechanism for DNA Entry into the Cohesin Ring	8
PXD015658	2019-10-01	The structure and symmetry of the Radial Spoke protein complex in Chlamydomonas flagella	8
PXD018935	2020-04-30	Structural Analysis of 70S Ribosomes by Cross-Linking/Mass Spectrometry Reveals Conformational Plasticity	8
PXD018786	2020-04-24	Cross-linking mass spectrometry identifies interacting regions between VACV A46 and human MAL or MyD88	8
PXD018232	2020-03-27	Crosslinking-MS dataset of the TFIIIC subcomplex tauA with Brf1 and TBP	8
PXD023434	2021-01-06	The box C/D snoRNP assembly factor Bcd1 interacts with the histone chaperone Rtt106 and controls its transcription dependent activity.	8
PXD021553	2020-09-18	A simplified in vivo cross-linking mass spectrometry strategy for proteome-wide studies.	8
PXD021709	2021-03-09	BioID of PAX8 in human ovarian cancer cells	8
PXD025496	2021-04-20	FCGBP, the IgGFc-binding protein, is secreted with all GDPH sequences cleaved, but maintained by inter-fragment disulfide bonds	8
PXD025493	2021-04-20	FCGBP, the IgGFc-binding protein, is secreted with all GDPH sequences cleaved, but maintained by inter-fragment disulfide bonds	8
PXD020323	2020-07-13	Chemical genetics and proteome-wide site mapping reveal cysteine MARylation by PARP-7 on immune-relevant protein targets	8
PXD022440	2020-11-10	Identification of Plk1 interacting proteins by XChIP-MS	8
PXD023651	2021-01-18	A2M bait region engineering - autoconjugation product cross-link identification and PRM quantification	8
PXD026017	2021-05-14	Identification of MukBHN conformational changes upon AcpP binding using cross-linking mass spectrometry	8
PXD030543	2021-12-20	CTCF ChIP-MS from crosslinked chromatin in mouse embryonic stem cells (mESCs) and motor neurons (MNs)	8
PXD027109	2021-07-05	Single cell RNA-seq analysis links respiratory dysfunction to an extracellular matrix-specific damage response	8
PXD028005	2021-08-18	Conformation of the AP-3 complex explains its role in cargo recruitment at the Golgi	8
PXD025287	2021-04-09	Nucleosome recognition and DNA distortion by the Chd1 remodeler revealed at 2.6 Å resolution	8
PXD031242	2022-01-25	XL-MS of RBBP6-bound CPSF complex	8
PXD025179	2021-04-06	Interactome of the circadian clock protein PERIOD2 in human U2OS osteosarcoma cells after the resetting of the circadian clock	8
PXD027905	2021-08-12	A Network G Protein Gai Signaling Partners is Revealed by Proximity Labeling Proteomics and Includes PDZ-RhoGEF	8
PXD034217	2022-05-30	Establishment of TurboID proximity proteomics in the filamentous fungus Sordaria macrospora	8
PXD035151	2022-09-17	Search for host factors located in the vicinity of the cytoplasmic tails of the mumps virus glycoproteins	8
PXD033440	2022-04-25	Loss of colonic primary cilia promotes inflammation and carcinogenesis	8
PXD035153	2022-07-07	Npl3 functions in mRNP assembly by recruitment of mRNP components to the transcription site and their transfer onto the mRNA	8
PXD033004	2022-04-06	Ethynyl-1,2,3-triazolyl-phosphinate based electrophiles for cysteine labelling	8
PXD031261	2022-01-26	Isoleucyl-tRNA synthetase interactome analysis	8
PXD038327	2022-11-23	CSE1L and NUP37 proximity labeling in MCF10A cells expressing chimeric ErbB1:ErbB2 receptors	8
PXD038640	2022-12-07	Structural basis of calmodulin modulation of the rod cyclic nucleotide-gated channel (XL-MS)	8
PXD039694	2023-01-26	KSHV ORF18 TurboID in human iSLK cell lines	8
PXD025262	2021-04-08	The nuclear RNA-interactome of human embryonic stem cells (hESCs)	8
PXD035345	2022-07-14	BRCA1/BARD1 intrinsically disordered regions facilitate chromatin recruitment and ubiquitylation	8
PXD039864	2023-02-04	PABPN1-protein Interactome	8
PXD045725	2023-09-27	Structural basis of RNA-induced autoregulation of the DExH-type RNA helicase maleless	8
PXD045879	2023-10-03	Accelerating Sample Preparation for Proteomics of Formalin Fixed Paraffin Embedded Tumor Tissues to Enable Biomarker Analysis	8
PXD045385	2023-09-14	Targeted RNase H-mediated Extraction of crosslinked RBPs (TREX) for assessing region-specific NORAD lncRNA interactome	8
PXD045105	2023-09-05	TGM1 interaction partners identification reveals possible TGM1 posttranslational modifiers	8
PXD045792	2023-09-28	Don’t Waste Time – Ensure Success in Your Cross-Linking Mass Spectrometry Experiments Before You Begin.	8
PXD048897	2024-01-25	TYROSINE MODIFICATION ANALYSIS OF FUSION GLYCOPROTEIN FROM HUMAN RESPIRATORY SYNCYTIAL VIRUS A2	8
PXD046966	2023-11-14	DSBSO-based XL-MS Analysis of Breast Cancer PDX Tissues to Delineate Protein Interaction Network in Clinical Samples	8
PXD042657	2023-06-02	Ubiquitin-specific proximity labeling for the identification of E3 ubiquitin ligase substrates	8
PXD050824	2024-03-20	Stabilization of Interdomain Interactions in G protein α Subunits as a Determinant of Gαi Subtype Signaling Specificity	8
PXD045858	2023-10-02	Stoichiometric and structural analyses support the 48:12 model of the human pyruvate dehydrogenase complex core	8
PXD049303	2024-02-09	Revealing the Arabidopsis AtGRP7 mRNA interactome by specific RNP capture	8
PXD048194	2024-01-02	Native Purification of yeast Met30 in the absence and presence of Cadmium followed by DSSO crosslinking and Mass spec analysis	8
PXD052484	2024-05-22	MSDC for identification of Pol II post-initiation complex changes	8
PXD047440	2023-12-01	Control of a type III-Dv CRISPR-Cas system by the transcription factor RpaB and interaction of its transcribed leader with the DEAD-box RNA helicase CrhR	8
PXD047173	2023-11-22	An inhibitory segment within G-patch activators tunes Prp43-ATPase activity during ribosome assembly	8
PXD051602	2024-04-20	Global interactomics analysis of the human Duffy antigen receptor for chemokines	8
PXD051661	2024-04-23	Structural analysis of the HypCD apo- and holoproteins by crosslinking mass spectrometry	8
PXD056971	2024-10-19	Proximity proteomics provides a new resource for exploring the function of Afadin and the complexity of cell-cell adherens junctions	8
PXD047368	2023-11-29	Structural analysis of substrate-bound ATP-independent proteasomal activator Bpa from Mycobacterium tuberculosis	8
PXD062870	2025-04-12	Directed evolution of the multicopper oxidase laccase for cell surface proximity labeling and electron microscopy	8
PXD056955	2024-10-18	NHS esters are non-innocent protein acylating reagents	8
PXD055708	2024-09-09	Photoactivated SOPP3 enables APEX2-mediated proximity labeling  with high spatial-temporal resolution in live cells	8
PXD063736	2025-05-07	Identifying peptides and sites involved in FtsZ self-assembly in Escherichia coli through in vivo protein photocrosslinking of FtsZ residues mediated by the unnatural amino acid Bpa (p-benzoyl-L-phenylalanine), followed by tandem mass spectrometry analysis of purified FtsZ crosslinking dimers.	8
PXD052637	2024-05-28	Protein imbalance from aneuploidy impairs mitochondria - Dataset 6: TMT-based global proteomics	8
PXD054381	2024-07-30	Dysfunctional mitochondria trap proteins in the intermembrane space - Data set 5: MRP17 - AP-MS	8
PXD063603	2025-05-05	β-catenin functions as a molecular adapter for disordered cBAF interactions	8
PXD065410	2025-06-24	FITC labeling in tumor cell(red light/ultrasound)	8
PXD066055	2025-07-11	SUMO-2 activity is inhibited by non-covalent interactions with the Aβ peptide: an exploration of potential pathogenic mechanisms in Alzheimer’s Disease	8
PXD062042	2025-03-19	RECQL5 and transcription-coupled DNA repair complex coordinate to regulate transcription elongation	8
PXD065956	2025-07-09	Expanding the crosslinking mass spectrometry toolbox with vinyl sulfone crosslinkers	8
PXD014500	2019-07-05	Molecular basis of b-adrenergic regulation of cardiac calcium current	7
PXD010069	2018-08-16	Hsp70 ATP-dependent dimerization and Chaperone/Co-chaperone Interactions	7
PXD011092	2018-09-14	Crosslinking Mapping of yeast Komagataella phaffii TFIID complex	7
PXD015080	2019-08-19	Development of an sulfoxide-based, CuAAC-enrichable cross-linker	7
PXD018310	2020-04-01	Identify Yeast Proteasome Cross-links with Multiple Ion Fragmentation Methods	7
PXD020992	2020-08-19	A structural model of the human mSWI/SNF (BAF) complex bound to the nucleosome informs disease mechanisms	7
PXD034529	2022-06-15	Organophosphorus pesticides catalyze protein crosslinking	7
PXD046472	2023-10-29	The SETD3 interacting protein was identified and screened by TurboID method, and Search for potential histidine methylation modification sites	7
PXD052687	2024-05-29	Human OTX2 TurboID Analysis in Transfected HDMB03 Cells	7
PXD053924	2024-07-12	Identification of interactors with HCMV pTRS1 using BioID and proteomics	7
PXD053383	2024-06-25	MORC2 phosphorylation fine tunes its DNA compaction activity	7
PXD006276	2017-04-10	Identification of Plasmodium yoelii ALBA4 Binding partners by Immunoprecipitation/nano LC-MS/MS, part 2	6
PXD015779	2019-10-10	SILAC APEX2-GAL9 upon LLOMe or GPN treatment	6
PXD015725	2019-10-16	Wnt activator FOXB2 drives the neuroendocrine differentiation of prostate cancer	6
PXD013144	2019-03-19	Structural basis for assembly of lamin at the molecular level	6
PXD010988	2018-09-03	Thanatin Targets the Inter-Membrane Protein Complex Required for Lipopolysaccharide  Transport in Escherichia coli	6
PXD002159	2015-05-11	Proteomic analysis of integrin adhesion complex assembly	6
PXD002293	2015-06-02	Saccharomyces cerevisiae mRBPome	6
PXD001675	2016-01-18	Quantitative cross-linking/mass spectrometry reveals subtle protein conformational changes	6
PXD004154	2016-05-16	Metalloprotease SPRTN/DVC1 Orchestrates Replication-Coupled DNA-Protein Crosslink Removal	6
PXD002960	2016-07-05	Interactome -  RNA/DNA Hybrid Interactome Identifies DXH9 as a Molecular Player in Transcriptional Termination and R-Loop-Associated DNA Damage	6
PXD006574	2017-05-26	An Evaluation of the Crystal Structure of C-terminal Truncated Apolipoprotein A-I in Solution Reveals Structural Dynamics Related to Lipid Binding	6
PXD009641	2018-05-01	The identification of Lipase Maturation Factor 1 (LMF1) partners	6
PXD009650	2018-05-02	53BP1 cooperation with the REV7–shieldin complex underpins DNA structure-specific NHEJ	6
PXD010468	2018-07-18	CHD1_RIME -  CHD1 Loss Alters AR Binding at Lineage-Specific Enhancers and Modulates Distinct Transcriptional Programs to Drive Prostate Tumorigenesis	6
PXD010004	2018-06-01	CASP XL-MS target H0968 (ID32): Cross-linking for the 13th Community Wide Experiment on the Critical Assessment of Techniques for Protein Structure Prediction (CASP13)  	6
PXD010094	2018-06-11	CASP XL-MS target H0953 (ID 51): Cross-linking for the 13th Community Wide Experiment on the Critical Assessment of Techniques for Protein Structure Prediction (CASP13)	6
PXD010003	2018-06-01	CASP XL-MS target H0957 (ID31): Cross-linking for the 13th Community Wide Experiment on the Critical Assessment of Techniques for Protein Structure Prediction (CASP13)	6
PXD010410	2018-07-13	CASP XL-MS target T0987: Cross-linking for the 13th Community Wide Experiment on the Critical Assessment of Techniques for Protein Structure Prediction (CASP13)	6
PXD010479	2018-07-18	Architecture and structural dynamics of the AROM complex	6
PXD010483	2018-07-18	CASP XL-MS target T0985: Cross-linking for the 13th Community Wide Experiment on the Critical Assessment of Techniques for Protein Structure Prediction (CASP13)	6
PXD010385	2018-07-11	CASP XL-MS target T0975: Cross-linking for the 13th Community Wide Experiment on the Critical Assessment of Techniques for Protein Structure Prediction (CASP13)	6
PXD010384	2018-07-11	CASP XL-MS target T0981: Cross-linking for the 13th Community Wide Experiment on the Critical Assessment of Techniques for Protein Structure Prediction (CASP13)	6
PXD011236	2018-10-01	The COMA complex plays a role in positioning Ipl1 activity proximal to Cse4 nucleosomes	6
PXD012521	2019-01-28	SLX4 and SLX4IP TAP-MS -  SLX4IP acts with SLX4 and XPF-ERCC1 to promote interstrand crosslink repair	6
PXD012624	2019-02-08	Reconstitution of microtubule nucleation in vitro reveals novel roles for Mzt1	6
PXD012882	2019-02-26	Direct Nucleosome Binding of Borealin Secures Chromosome Association of the Chromosomal Passenger Complex	6
PXD013769	2019-05-08	Cross-linking mass spectrometry of the CCAN and CCAN-Cenp-A complexes	6
PXD016224	2019-11-11	Characterization of the NTSR1-Arr2 complex	6
PXD016376	2019-11-21	The Aspartic Protease Ddi1 Contributes to DNA-Protein Crosslink Repair in Yeast	6
PXD017238	2020-01-21	Structural Basis for CAL1-Mediated Centromere Maintenance	6
PXD018687	2020-04-20	Physiological tau interactome in brain and its link to tauopathies_complete submission	6
PXD019400	2020-05-27	Architecture of the chromatin remodeler RSC and insights into its nucleosome engagement	6
PXD017996	2020-03-11	Characterization of Integrator module INTS10-INTS13-INTS14 and its connection to the cleavage module Part II	6
PXD016657	2019-12-09	First Clinical and Myopathological Description of a Myofibrillar Myopathy with Congenital Onset and Homozygous Mutation in FLNC	6
PXD014359	2019-06-24	Cross-linking mass spectrometry analysis of trimeric complex of CRM1, SNP1 and RanGTP cross-linked with BS3	6
PXD024335	2021-02-24	Autophagosome content profiling  - STAR Protocol Data Set	6
PXD021691	2020-09-25	Proximity labeling of Siglec-1 counter-receptors on activated regulatory T cells using Siglec-1-HRP multimers on nano-beads	6
PXD021693	2020-09-25	Proximity labeling of Siglec-1 counter-receptors on activated regulatory T cells using soluble Siglec-1-HRP multimers	6
PXD023164	2020-12-16	Structural and functional analyses identify unique features of the Smc5/6 complex among SMC family of complexes	6
PXD017951	2020-03-09	PrimPol primase mediates replication traverse of DNA interstrand crosslinks	6
PXD027565	2021-07-26	K562 cell line LC-MSMS,Quantitative measurement of hydrophobicity dependent LLPS property of chromatin condensate	6
PXD027128	2021-07-06	Novel recognition site for polyUb and UBL signals in Rpn1	6
PXD020370	2020-07-15	SLC15A4 functions as a metabolic guardian of immune cells by controlling mTORC1 and AMPK	6
PXD015051	2019-08-16	Identification of an RNA sponge that controls the levels, processing and efficacy of the RoxS riboregulator of central metabolism in B. subtilis	6
PXD017873	2020-07-08	Structure of Cyanobacterial Phycobilisome Core Revealed by Structural Modeling and Chemical Cross-linking	6
PXD014247	2019-06-13	GRASP Proximity Labeling	6
PXD023401	2021-01-04	Unbiased characterization and systematic profiling of metabolically labeled RNA-binding sites	6
PXD029014	2021-10-08	Phospho-proteomic analysis of DUSP6 deficient Caco-2 cells	6
PXD021375	2020-09-09	Interactome of the -subunit of L-type voltage-gated calcium channels in adult cardiomyocytes	6
PXD029071	2021-10-12	Transglutaminase 3 crosslinks MUC2 and stabilizes the colonic mucus layer	6
PXD027189	2021-07-08	Sequence specific recognition of U1 snRNP stem-loop 4 by the ubiquitin-like domain of U2 snRNP protein SF3A1 and its RGG motif	6
PXD027413	2021-07-19	A direct interplay between the co-chaperones Hop and p23 regulates cycle progression and client folding in the Hsp70/Hsp90 chaperone machineries	6
PXD031033	2022-01-17	Cross-linking MS of S. cerevisiae ORC bound to DNA and Cdc6	6
PXD034039	2022-05-24	Mass spectrometry analysis of unconventional kinetoplastid kinetochore proteins KKT1, KKT2, and KKT6	6
PXD034365	2022-06-06	Model Bacteria Physiological Studies Dataset 1: Triplicate replete proteomes for Ruergeria pomeroyi DSS-3  Dataset 2: Triplicate replete proteomes for Alteromonas macleodii MIT1002	6
PXD028315	2021-09-09	De novo formation of apical-basal polarity by Rap1 regulates epiblast patterning	6
PXD029955	2021-11-26	Reactivity-dependent profiling of RNA 5-methylcytidine dioxygenases	6
PXD035246	2022-07-11	Local depletion of proteoglycans mediates cartilage tissue repair in an ex vivo integration model	6
PXD035001	2022-06-30	Heat shock chaperone HSPB1 regulates cytoplasmic TDP-43 phase separation and liquid-to-gel transition	6
PXD025357	2021-04-13	BioID-based proteomic analysis of CARP3-proximal proteins in Trypanosoma brucei bloodstream forms	6
PXD029136	2021-10-14	Role of the E3 Ubiquitin-ligase Hakai in intestinal inflammation and cancer bowel disease	6
PXD037492	2022-10-17	Improved analysis of crosslinking mass spectrometry data with Kojak 2.0, advanced by integration into the Trans-Proteomic Pipeline	6
PXD038099	2022-11-11	Non-poly(A) RNA Interactome capture (RIC) of mouse liver	6
PXD038076	2022-11-09	Non-poly(A) RNA Interactome Capture (RIC) of mouse brain, kidney and liver	6
PXD028039	2021-08-20	The multivalency of the glucocorticoid receptor ligand-binding domain explains its manifold physiological activities	6
PXD031339	2022-01-30	In vivo and in vitro characterization and structural analysis of human DPCD protein in complex with RUVBL1/RUVBL2 AAA-ATPases	6
PXD037030	2022-09-27	Structural Assessment of the Full-Length Tumor Suppressor Protein p53 by Mass Spectrometry-Guided Computational Modeling	6
PXD039008	2022-12-21	A Spatiotemporal Notch Interaction Map from Membrane to Nucleus	6
PXD039010	2022-12-21	A Spatiotemporal Notch Interaction Map from Membrane to Nucleus	6
PXD041240	2023-03-31	A translational regulator MHZ9 modulates ethylene signaling in rice	6
PXD043245	2023-06-23	RhoBTB1 C-Terminal Binding Proteins	6
PXD040902	2023-03-15	Determination of protein monoclonal-antibody epitopes by a combination of  structural proteomics methods.	6
PXD038615	2023-05-04	LINE-1 ORF2p Structure. BS3 crosslinks	6
PXD026861	2021-06-22	LPA-TriCEPS crosslinked to human VICs	6
PXD039863	2023-02-04	Combined transcriptome and proteome analysis of the protein composition of the brochosomes of the leafhopper Nephotettix cincticeps	6
PXD042693	2023-06-02	Ubiquitin-specific proximity labeling for the identification of E3 ubiquitin ligase substrates	6
PXD042673	2023-06-02	Ubiquitin-specific proximity labeling for the identification of E3 ubiquitin ligase substrates	6
PXD047583	2023-12-06	Ubiquitin-specific proximity labeling for the identification of E3 ubiquitin ligase substrates	6
PXD042700	2023-06-02	Ubiquitin-specific proximity labeling for the identification of E3 ubiquitin ligase substrates	6
PXD042698	2023-06-02	Ubiquitin-specific proximity labeling for the identification of E3 ubiquitin ligase substrates	6
PXD042702	2023-06-02	Ubiquitin-specific proximity labeling for the identification of E3 ubiquitin ligase substrates	6
PXD048297	2024-01-07	MAGE-A4 TCR-like antibody immunoprecipitation in A375 and A375 MAGE-A4 KO xenograft tissue	6
PXD048869	2024-01-25	Phosphorylation of the compartmentalized PKA substrate TAF15 regulates RNA-Protein interactions	6
PXD046385	2023-10-25	Ribosomal Protein SA (RPSA) is required for localized translation and sarcomere maintenance	6
PXD042282	2023-05-17	Coimmunoprecipitation and following mass spectrometry analysis of EhRacM	6
PXD039983	2023-02-09	Proximity labeling of SPARK-TurboID	6
PXD054199	2024-07-24	Candidate Proteins Interacting with Cytoskeleton in Cells from the Basal Airway Epithelium in vitro	6
PXD044801	2023-08-23	Label free-DDA nano-LC/MS/MS analysis of Human Mesenteric lymph collected from Inflammatory Bowel Disease (IBD) subjects.	6
PXD053760	2024-07-08	ARL3 GTPases facilitate ODA16 unloading from IFT in motile cilia	6
PXD044827	2023-08-24	BS3 crosslinking of the Anaphase-Promoting Complex/Cyclosome (APC/C)	6
PXD055749	2024-09-09	Global proteome of mid- and late-development Petunia inflata flower petal protoplasts	6
PXD047987	2023-12-20	A genome-wide screen identifies silencers with distinct chromatin properties and mechanisms of repression	6
PXD053790	2024-07-09	Proteomics analysis of trematode eggshells	6
PXD055512	2024-09-03	Comparison of MS Annika 3.0 against other crosslink search engines	6
PXD022443	2020-11-10	Characterizing protein conformers by cross-linking mass spectrometry and pattern recognition	6
PXD060111	2025-01-23	Dexter Energy Transfer Photocatalysis Enables Covalent Label-ing and Profiling of Amyloid Plagues in Alzheimer’s Disease Tissue	6
PXD060112	2025-01-23	Dexter Energy Transfer Photocatalysis Enables Covalent Label-ing and Profiling of Amyloid Plagues in Alzheimer’s Disease Tissue	6
PXD054616	2024-08-06	Using proximity labeling by turboID (biotin ligase) fused with PAICS combined with LC-MS for identification of the acetyltransferase associated with PAICS in oncogene RAS activation induced senescent human IMR90 cell	6
PXD048937	2024-01-28	Using proximity labeling by turboID (biotin ligase) fused with ACSS2 combined with LC-MS for identification of the proteins associated with ACSS2 in oncogene RAS activation induced senescent human IMR90 cell	6
PXD060724	2025-02-12	Epitope and paratope mapping of a SUMO-remnant antibody using cross-linking mass spectrometry and molecular docking	6
PXD048097	2023-12-23	Lamp1 proximity labeling proteomics in 5XFAD mice	6
PXD054857	2024-08-14	SIRT3 functions as an eraser of histone H3K9 lactylation to modulate transcription for inhibiting the progression of esophageal cancer	6
PXD054972	2024-08-17	Structural basis for membrane remodelling by the AP5:SPG11-SPG15 complex	6
PXD061911	2025-03-17	Human HeLa cells SREBP2-TurboID-MS	6
PXD052817	2024-06-04	Linear Protein Identification of Soluble and Insoluble Fractions from In-Situ DSSO Crosslinked Human Mitochondria	6
PXD015994	2019-10-24	DeSUMOylase SENP7 mediated epithelial signaling triggers intestinal inflammation via expansion of Gamma-delta T cell	6
PXD052694	2024-05-30	PDZD8-FKBP8 tethering complex at ER-mitochondria contact sites  regulates mitochondrial complexity	6
PXD057053	2024-10-22	proteome sequencing for the colon tissues of mice with ckmt1 knockout	6
PXD058056	2024-11-19	Interaction of saposin C and acid-beta-glucosidase	6
PXD059369	2025-01-02	Cross-Link of active PhK and GP	6
PXD059356	2025-01-02	Cross-Link of inactive PhK and GP	6
PXD054597	2024-08-05	VRN1-associated proteins in Arabidopsis thaliana	6
PXD059125	2024-12-22	Nucleolar beacon for monitoring nucleolar morphology and proteomics in living cells	6
PXD063921	2025-05-14	Allosteric activation of the SPRTN protease by ubiquitin maintains genome stability	6
PXD057009	2024-10-21	proximity labeling 4T1 Cells through PCN	6
PXD054141	2024-07-23	Nucleosomes gate cofactor access to the transcription factor p53 P53_USP7TRAF_FL_NCP	6
PXD051143	2024-04-02	SOX11-SMARCA4 Complex Drives Oncogenic Gene Regulation in Mantle Cell Lymphoma	6
PXD056954	2024-10-18	Streptavidin biotin-CCW16 pulldown to determine CCW16-modified proteins in HeLa lysate	6
PXD060781	2025-02-13	Proximity labeling with CB5LP in Arabidopsis seedlings using TurboID	6
PXD051470	2024-04-16	N-terminomics profiling of naive and inflamed murine colon reveals proteolytic signals of legumain	6
PXD067354	2025-08-14	Proximity labeling – LC/MS-MS with ERC1-TurboID/atg7-2 Arabidopsis seedlings	6
PXD067352	2025-08-14	Proximity labeling – LC/MS-MS with TurboID-ATG8e/atg2-1 Arabidopsis seedlings	6
PXD054379	2024-07-30	Cotranslational activity of the GroEL chaperonin	6
PXD059488	2025-01-07	5'UTR-mediated retention of eIF3 on 80S ribosomes promotes co-translational folding of ER membrane proteins	6
PXD061223	2025-02-26	E-cadherin mechanotransduction activates EGFR/ERK signaling by inducing ligand shedding	6
PXD014738	2019-07-24	BS3 crosslinking of GRC3 and Las1	5
PXD004105	2016-07-08	VCP–adaptor interactions are exceptionally dynamic and subject to differential modulation by a VCP inhibitor	5
PXD005509	2016-12-06	Phase separation of C9orf72 dipeptide repeats perturbs stress granule metabolism	5
PXD005422	2016-12-04	Methylated-antibody affinity purification to improve proteomic identification of plant RNA polymerase Pol V complex and the interacting proteins	5
PXD007852	2017-09-27	Analysis of the Salivary Gland Transcriptome of Unfed and Partially Fed Amblyomma sculptum Ticks and Descriptive Proteome of the Saliva	5
PXD009777	2018-05-14	Cross-linking Analysis (HSP70-HSP90-CHIP)	5
PXD011645	2018-11-09	Native alpha synuclein crosslinking	5
PXD020076	2020-06-29	The spatial network of skeletal proteins in a stony coral	5
PXD019530	2020-06-03	Molecular determinant for MED1 interaction with the VDR-RXR heterodimer	5
PXD005657	2017-12-04	Direct evidence of the presence of cross-linked Aβ dimers in the brains of Alzheimer’s disease patients	5
PXD019215	2020-05-15	MC4 crosslinking of rhodopsin and GRK1 complex	5
PXD027159	2021-12-21	Reanalysis of a synthetic cross-linked peptide library with MaxLynx	5
PXD006541	2017-05-18	LC-MSMS of cell secretome for MAP1LC3B interactors	5
PXD034115	2022-05-25	Analysis of myosin light chain migration pattern in 2D gels of human left ventricular proteins - proximity labeling	5
PXD029675	2021-11-11	Chemical Probing Discovers New Insights into the Native Assembly State of a  Bacterial Microcompartment	5
PXD037983	2022-11-07	Regioselective Protein Oxidative Cleavage Enabled by an Enzyme-like Recognition of an Inorganic Metal Oxo Cluster Ligand	5
PXD033181	2023-02-02	Interactions between basic helix-loop-helix transcription factors and nucleosomes	5
PXD033593	2022-05-04	Dichlorvos-induced formation of isopeptide crosslinks between proteins in SH-SY5Y cells	5
PXD046926	2023-11-14	Cryo-EM structure of the extracellular domain of murine Thrombopoietin Receptor in complex with Thrombopoietin.	5
PXD044630	2023-08-18	Quality control at the cell surface prevents accumulation of damaged L-type CaV1.2 calcium channels	5
PXD046392	2023-10-25	Modeling flexible protein structure with AlphaFold2 and cross-linking mass spectrometry	5
PXD048906	2024-01-26	Structural basis for lipid transfer by the ATG2A-ATG9A complex	5
PXD044285	2023-08-02	Investigation of the FcRn:IgG interaction by HDX-MS	5
PXD053582	2024-07-03	Protein misfolding involving entanglements provides a structural explanation for the origin of stretched-exponential refolding kinetics	5
PXD053481	2024-06-28	Mapping the interaction surface between CaVβ and actin and its role in calcium channel clearance	5
PXD056949	2024-10-18	NHS esters are non-innocent protein acylating reagents	5
PXD056652	2024-10-09	Determining TCR Binding Orientation and Peptide-HLA Interac-tions Using Cross-Linking Mass Spectrometry	5
PXD054249	2024-07-25	SMAP3-ID for identification of protein-protein interactions in native cells	5
PXD066083	2025-07-13	Non-native entanglement protein misfolding observed in all-atom simulations and supported by experimental structural ensembles	5
PXD043301	2023-06-26	GPATCH4 regulates rRNA and snRNA 2’-O-methylation in both DHX15-dependent and DHX15-independent mannersGPATCH4 regulates rRNA and snRNA 2’-O-methylation in both DHX15-dependent and DHX15-independent manners	5
PXD059137	2024-12-23	Proteomic profiling of PRLX-93936 and structurally similar compounds in pancreatic cancer cells. 	5
PXD064932	2025-06-12	Cross-link MS analysis of human 26S proteasome in complex with RPN13:UCHL5 (with substrate).	5
PXD064931	2025-06-12	Cross-link MS analysis of human 26S proteasome in complex with RPN13:UCHL5 (without substrate).	5
PXD010930	2018-08-29	Human Ku70 WT AP-MS -  Mapping the Ku interactome using proximity-dependent biotin identification in human cells	4
PXD010931	2018-08-29	HEK293 Ku70 WT BioID -  Mapping the Ku interactome using proximity-dependent biotin identification in human cells	4
PXD001454	2014-10-31	Investigation of human TFIID subcomplexes 7TAF and 8TAF by cross-linking mass spectrometry	4
PXD003502	2016-01-21	Cross-linking mass spectrometric analysis of Ska-MT interactions	4
PXD004018	2016-04-20	Surface Proteomics of Plasmodium yoelii Salivary Gland Sporozoites	4
PXD004473	2016-06-30	The influence of sporulation medium on the spore coat protein composition of Bacillus subtilis spores.	4
PXD004562	2017-02-02	Temporal Analysis of Cell Protein Ubiquitination during Epstein-Barr Virus Reactivation by BCR Cross-linking	4
PXD004749	2016-08-10	Cross-Linked/Mass-spectrometry analysis of RNA-Polimerase II	4
PXD009748	2018-05-11	Proximity labeling and identification of the proteins that interact with Siglec-14 on THP-1 cells	4
PXD008122	2017-11-03	Structural insights into the assembly and polyA signal recognition mechanism of the human CPSF complex	4
PXD008215	2017-11-15	Aurora B kinase disrupts the extended conformation of lattice-bound Kinesin-13 MCAK	4
PXD008164	2017-11-08	Use of a Photo-crosslinkable Diaminoquinazoline Inhibitor for Target Identification in Plasmodium Falciparum	4
PXD010061	2018-06-07	Mutations in disordered regions cause disease by creating dileucine motifs - BioID	4
PXD010481	2018-07-19	Cross-Linking/mass spectrometry (CLMS) analysis of RNA polymerase II	4
PXD011833	2018-11-26	The Amino-Terminal Part of Human Filaggrin-2 is a Component of Cornified Envelopes	4
PXD018367	2020-04-04	Patient-derived scaffolds uncover breast cancer promoting properties of the microenvironment	4
PXD017964	2020-03-10	A truncated MRE11 form induced by SPRTN is deficient in DNA repair and radiosensitises cancer cells	4
PXD021708	2021-03-09	In vitro crosslinking of PAX8 and PRDM3	4
PXD024640	2021-03-10	BS3 intermolecular crosslinking map of SAGA and SLIK (SAGA-like) transcription coactivators	4
PXD024198	2021-02-16	Phenotypic manifestation of-synuclein strains amplified from Parkinson’s disease and multiple system atrophy in human dopaminergic neurons	4
PXD024492	2021-03-03	LC-MS/MS analysis of Prp28-K136BPA experiment	4
PXD024493	2021-03-03	LC-MS/MS analysis of Prp28-E326BPA experiment	4
PXD025066	2021-03-29	Furan warheads for covalent trapping of weak protein-protein interactions: specific cross-linking of thymosin β4 to actin	4
PXD024669	2021-03-11	MALDI-MS Profiling of Intact Blood Proteins without the Need for Freezing - Dried Serum Spots as Future Clinical Tools for Patient Screening	4
PXD022772	2020-11-26	MS Annika: A new Cross-Linking Search Engine	4
PXD024131	2021-02-11	Puf6 ushers correct rRNA compaction during ribosome assembly	4
PXD024160	2021-05-11	Nse5/6 inhibits the Smc5/6 ATPase and modulates DNA substrate binding	4
PXD022785	2020-11-27	Toxoplasma conoid proteome by BioID	4
PXD024519	2021-03-04	XL-MS analysis of human tyrosine hydroxylase	4
PXD027203	2021-07-09	Evaluation of mass spectrometry MS/MS spectra for the presence of isopeptide crosslinked peptides	4
PXD026508	2021-06-07	Withaferin A inhibits LFA-1-stimulated ZAP70 activity and T-cell motility	4
PXD031845	2022-02-23	Cell Surface Engineering Enables Surfaceome Profiling	4
PXD031827	2022-02-22	Cross-link mass spectrometry reveals conformational changes within the N lobe and the activation loop of PDK1 upon dimerization	4
PXD024690	2021-03-12	Identification of Siglec-7-ligand candidates on JVM-3 human B cell line by proximity labeling	4
PXD034417	2022-06-09	Engineering consortia by polymeric microbial swarmbots	4
PXD032906	2022-04-02	GBPL3 is a novel component of the nuclear pore complex and functionally connects the nuclear basket with the nucleoskeleton in plants	4
PXD029781	2021-11-17	CerS2 dependent Sphingolipid - protein interactions in rat beta cell line Ins1E	4
PXD031096	2022-01-19	To decipher an overall structure of a bacterial anti-plasmid defense system using cross-linking mass spectrometry.	4
PXD024671	2021-03-11	The structural heterogeneity of α-synuclein is governed by several distinct subpopulations with interconversion times slower than milliseconds	4
PXD034475	2022-06-10	Cross-linked ammonia monooxygenase complex in BN-PAGE gel from Nitrososphaera viennensis	4
PXD036106	2022-08-16	Extended DNA threading through a dual-engine motor module in the activating signal co-integrator complex	4
PXD033633	2022-05-04	The modulation of CHD4 nucleosome remodelling activity by auxiliary domains suggests unifies mechanistic aspects of chromatin remodelling across enzyme families	4
PXD036675	2022-09-12	A degradation motif in STAU1 defines a novel family of proteins involved in inflammation	4
PXD037729	2022-10-26	Chemical crosslinking and mass spectrometry of the human Rix1 complex	4
PXD040392	2023-02-24	Distribution of phosphorylated alpha-synuclein in non-diseased brain implicates olfactory bulb mitral cells in synucleinopathy pathogenesis.	4
PXD031197	2022-01-25	TurboID-based proximity labeling to identify LONP1-targeting proteins	4
PXD041019	2023-03-22	Identification of the potential receptor of Musclin on C3H10T1/2 cell using BioID assay	4
PXD037249	2022-10-10	A SAM key domain required for enzymatic activity and allosteric activation of the Fun30 nucleosome remodeler	4
PXD041955	2023-05-03	Extending MS Annika for MS2-MS3-based Cross-linking Workflows	4
PXD042830	2023-06-09	Mass spectrometry analysis of VHL and BICD2 binding protein in HEK-293t cells	4
PXD043019	2023-06-15	Mapping of bone marrow sample proteome of Pinch1/2 knockout mice	4
PXD047030	2023-11-16	Evaluating protein crosslinking as a therapeutic strategy to stabilize SOD1 variants in a mouse model of familial ALS	4
PXD046895	2023-11-13	Hsp70 and NAC chaperone systems are in close proximity on the ribosome	4
PXD043041	2023-06-16	TurboID-mediated proximity labeling for screening interacting proteins of FIP37 in Arabidopsis	4
PXD044723	2023-08-22	Quality control at the cell surface prevents accumulation of damaged L-type CaV1.2 calcium channels	4
PXD033205	2022-04-13	First direct observation of elongated conformational states in alpha-synuclein upon liquid-liquid phase separation	4
PXD050556	2024-03-12	The SETD3 interacting protein was identified and screened by TurboID method, and Search for potential histidine methylation modification sites	4
PXD051688	2024-04-24	Synthetic Methylotrophic E. coli proteomics	4
PXD039401	2023-01-13	Identification of the E3 ligase(s) recruited by 955 to degrade CDK9	4
PXD043900	2023-07-19	The previously uncharacterized YlxR (RnpM) protein modulates the activity of ribonuclease P	4
PXD039986	2023-02-09	Proximity labeling of TurboID-SPARKEL	4
PXD039985	2023-02-09	Proximity labeling of SPARKEL-TurboID	4
PXD046529	2023-10-31	The interaction between DNMT3A with H3Kc36me2 modified nucleosomes	4
PXD055969	2024-09-18	The influence of amniotic membrane proteins delivered directly or through hydrogel platforms on corneal regeneration	4
PXD053456	2024-06-27	Mapping the interaction surface between CaVβ and actin and its role in calcium channel clearance 	4
PXD052470	2024-05-22	TMT-Based quantitative proteomics reveals the genetic mechanisms of secondary hair follicle development in the fine wool sheep foetus	4
PXD056617	2024-10-08	IP-to-MS: an unbiased workflow for antigen profiling	4
PXD058941	2024-12-17	Phosphorylation of TRAIP is essential for mitotic replisome disassembly and MiDAS	4
PXD053379	2024-06-25	MORC2 phosphorylation fine tunes its DNA compaction activity	4
PXD065573	2025-06-28	Mechanism of Rad51 filament formation by Rad52 and Rad55-Rad57 in homologous recombination	4
PXD049983	2024-02-21	Human hepatic micropeptide LC-MS/MS	4
PXD062203	2025-03-25	PLAMseq enables the proteo-genomic characterization of chromatin-associated proteins and protein interactions in a single workflow.	4
PXD006246	2017-04-03	Cross-linking/mass spectrometry analysis of AUGMIN complex	3
PXD013001	2019-03-06	HDX-MS of CSN-CRL2 complexes -  Structural basis of Cullin 2 RING E3 ligase regulation by the COP9 signalosome	3
PXD004074	2016-04-28	Pre-40S ribosome biogenesis factor Tsr1 is an inactive structural mimic of translational GTPases	3
PXD000244	2016-05-10	14-3-3 membrane protein interactome	3
PXD005601	2016-12-20	mRNA-binding proteins of Leishmania donovani LC-MSMS	3
PXD009648	2018-05-02	Cross-linking/mass spectrometry analysis of the AOC complex	3
PXD012723	2019-02-15	Crosslinking RNF168(1-113) to Nucleosome core particels	3
PXD012806	2019-02-20	Proteomics of diphtheria toxoid vaccines reveals multiple proteins that are immunogenic and may contribute to protection of humans against Corynebacterium diphtheriae	3
PXD014009	2019-05-24	Lamin A molecular compression and sliding as mechanisms behind nucleoskeleton elasticity (complementary data of PXD008337)	3
PXD020229	2020-07-07	Crosslinking mass spectrometry of the unconventional kinetoplastid kinetochore protein KKT4	3
PXD021182	2020-08-28	dentification of Cross-linking partners of BpA modified p37 and p97  by photo cross-linking MS	3
PXD021417	2020-09-11	Reanalysis of a synthetic cross-linked peptide library with OpenPepXL for benchmarking purposes	3
PXD014520	2019-07-08	Reanalysis of Cross-Linking Mass Spectrometry data from a ribisomal cellular fraction for benchmarking purposes	3
PXD019023	2020-05-07	Study of Brucella abortus / Agrobacterium tumefaciens outer membrane proteins covalently bound to peptidoglycan	3
PXD023073	2020-12-11	NeissLock: an inducible protein anhydride for covalent targeting of endogenous proteins	3
PXD014642	2019-07-17	Probing the Function of Alternative Proteins in Cell Reprogramming by Large Scale Proteomics and Cross - Linking Mass Spectrometry	3
PXD010474	2018-07-18	Proximity-dependent biotinylation to elucidate the interactome of TNK2 non-receptor tyrosine kinase	3
PXD019713	2020-06-11	DSSO,Xlink,LC-MSMS - DSSO as linker, study of protein-protein interaction by LC-MSMS	3
PXD019599	2020-06-05	Engineered chemotaxis core signaling units	3
PXD019868	2020-06-18	study of protein-protein interaction by LC-MSMS	3
PXD023525	2021-01-11	OGDH/DHTKD1-DLST (E1o/E1a- E2o) CL-MS	3
PXD028652	2021-09-20	Mounting, structure and autocleavage of a type VI secretion-associated Rhs polymorphic toxin	3
PXD030495	2021-12-17	Identification of synaptic DGKq interactors that stimulate DGKq activity	3
PXD024120	2021-02-11	Interactome screening of C9orf72 dipeptide repeats reveals sequestration and functional impairment of VCP by polyGA	3
PXD027745	2021-08-05	The protection of Evodiamine against Ulcerative Colitis and Colorectal Cancer via anti-inflammation	3
PXD028433	2021-09-09	Molecular Basis for CPC-Sgo1 Interaction: Implications for Centromere Localisation and Function of the CPCMolecular Basis for CPC-Sgo1 Interaction: Implications for Centromere Localisation and Function of the CPC	3
PXD032238	2022-03-11	Operation of a TCA cycle subnetwork in the mammalian nucleus_mass4tox	3
PXD034193	2022-05-29	Protein composition of Toxoplasma endocytic and exocytic structures by proximity-dependent biotinylation	3
PXD005776	2017-01-24	Metaproteomics of an artificial microbiota reference	3
PXD005759	2017-01-23	Metaproteomics of an artificial microbiota reference with LTQ Orbitrap-XL	3
PXD036646	2022-09-12	Epidermal Stratification Requires Retromer-Mediated Desmoglein-1 Recycling	3
PXD040144	2023-02-16	Cross-linking mass spectrometry of a complex between the chaperonin TRiC/CCT and its cochaperones, prefoldin and phosducin-like protein 2A	3
PXD045575	2023-09-22	Structure of the Plant Plastid-Encoded RNA Polymerase	3
PXD046990	2023-11-15	Mechanism of 60S ribosomal subunit recognition and UFMylation by the UFM1 E3 ligase complex	3
PXD047762	2023-12-12	An automated and fast sample preparation workflow for laser microdissection guided ultrasensitive proteomics	3
PXD045071	2023-09-04	Genetic and proteomic screens reveal perturbed nucleotide metabolism and DNA-protein crosslink formation as central mediators of decitabine cytotoxicity	3
PXD054720	2024-08-08	ABRF iPRG 2023 crosslinking study - Mascot COMPLETE results	3
PXD056910	2024-10-17	ABRF iPRG 2023 crosslinking study - Kojak COMPLETE results	3
PXD048614	2024-01-16	Disulfide mapping of J-chain by crosslinking MS	3
PXD051796	2024-04-27	STRUCTURE OF APOLIPOPROTEIN B100 BOUND TO LOW-DENSITY LIPOPROTEIN RECEPTOR (Linear IDs)	3
PXD056649	2024-10-09	Molecular mechanism targeting condensin for chromosome condensation.	3
PXD049094	2024-02-02	RNF2_PCGF4_CBX8 crosslinked with BS3	3
PXD039589	2023-01-20	PRC1-CBX8 chromatin crosslinking	3
PXD051592	2024-04-19	MYO18B promotes lysosomal exocytosis by facilitating focal adhesion maturation	3
PXD059579	2025-01-09	MS-based proteomic characterization of Toxoplasma gondii GSK3 proxisome	3
PXD052032	2024-05-07	Charting the dynamic trophoblast plasma membrane identifies LYN as a functional regulator of syncytialization	3
PXD066251	2025-07-17	Thianthrenium chemistry for identification of protein−protein interactions in cells	3
PXD003880	2016-07-25	Xilmass: a new approach towards the identification of cross-linked peptides	2
PXD006156	2017-03-22	RNF8 mediates NONO degradation following UV-induced DNA damage to properly terminate ATR-CHK1 checkpoint signaling	2
PXD010963	2018-08-31	Locus-specific proteomics identification of OCT4 regulators	2
PXD012466	2019-01-22	DSSO,Xlink,LC-MSMS - DSSO as linker, study of protein-protein interaction by LC-MSMS	2
PXD006741	2017-06-19	SPARTAN Protease and Checkpoint Kinase 1 Cross-Activation Loop Safeguards Genome Stability	2
PXD009000	2018-02-21	Identification of MS-Cleavable and Non-Cleavable Chemically Crosslinked Peptides with MetaMorpheus	2
PXD009079	2018-03-01	Human mitochondrial cysteine desulfurase complex	2
PXD010470	2018-07-18	SseF-SscB Interaction -  Revealing the mechanisms of membrane protein export by virulence-associated bacterial secretion systems	2
PXD015234	2019-08-30	Non-reversible tissue fixation by EDC carbodiimide allows for imaging extracellular vesicles in situ	2
PXD015793	2019-10-11	Structural analysis of the intrinsically disordered splicing factor Spp2 and its complex with the DEAH-box ATPase Prp2	2
PXD019110	2020-05-12	Structural basis of human full-length kindlin-3 homotrimer in an auto-inhibited state	2
PXD020418	2020-07-17	Exploring GPCR-arrestin interfaces with genetically encoded crosslinkers	2
PXD018291	2020-03-30	A decision tree searching strategy to boost the identification of cross-linked peptides	2
PXD019923	2020-06-22	USP11 deubiquitinates monoubiquitinated SPRTN to repair DNA-protein crosslinks	2
PXD025220	2021-04-06	Crosslinking mass spectrometry of the unconventional kinetoplastid kinetochore proteins KKT16-KKT17-KKT18	2
PXD026718	2021-06-15	APEX-Gal1 Labeled C2C12 Myoblasts	2
PXD024253	2021-02-19	Retention time as an extra dimension for proteome-wide cross-link identification	2
PXD024065	2021-02-08	Interaction of Hsp70 Ssb1 and atypical Hsp70 Ssz1	2
PXD026062	2021-05-17	Identification of AcpP-MukB binding sites using cross-linking mass spectrometry	2
PXD027161	2021-12-21	Original TIMS-TOF pro BSA data sets for MaxLynx, a novel computational proteomics workflow for XL-MS integrated into the MaxQuant environment.	2
PXD018040	2020-03-13	Identifying dynamic protein and RNA proximity interaction networks of actinin reveals RNA-binding and metabolic regulatory mechanisms	2
PXD013952	2019-05-21	Bidirectional Control of Coronary Vascular Resistance by Eicosanoids via a Novel GPCR	2
PXD033175	2022-04-12	Glorund corsslinked IP-MS in Drosophila late stage oocyte enriched ovary	2
PXD032739	2022-03-23	Characterization vy crosslinking-mass spectrometry of plastid-encoded RNA polymerase purified from Sinapis alba.	2
PXD034393	2022-06-07	Autoinhibition of Trio guanine nucleotide exchange factor activity for Rac1 by its spectrin repeats is disrupted by neurodevelopmental disorder-related genetic variants.	2
PXD031214	2022-03-21	Identification of a HTT-specific binding motif in DNAJB1 essential for suppression and disaggregation of HTT	2
PXD033026	2022-04-06	Spatiotemporal proximity labeling tools to track GlcNAc-modified functional protein hubs during cellular signaling	2
PXD033043	2022-04-07	Spatiotemporal proximity labeling tools to track GlcNAc-modified functional protein hubs during cellular signaling	2
PXD033044	2022-04-07	Spatiotemporal proximity labeling tools to track GlcNAc-modified functional protein hubs during cellular signaling	2
PXD033062	2022-04-07	Spatiotemporal proximity labeling tools to track GlcNAc-modified functional protein hubs during cellular signaling	2
PXD033063	2022-04-07	Spatiotemporal proximity labeling tools to track GlcNAc-modified functional protein hubs during cellular signaling	2
PXD033066	2022-04-07	Spatiotemporal proximity labeling tools to track GlcNAc-modified functional protein hubs during cellular signaling	2
PXD034054	2022-05-25	Crosslinks Analysis of Cryptochrome and Timeless Proteins	2
PXD039780	2023-02-01	Identification of proteins crosslinked to lysosomal sphingosine and cholesterol probes	2
PXD037703	2022-10-25	A degradation motif in STAU1 defines a novel family of proteins involved in inflammation	2
PXD026037	2021-05-17	Multiplexed isobaric quantitative Protein Interaction Reporter (iqPIR) cross-linking on standard proteins	2
PXD031997	2022-03-02	Investigating the monomer-dimer transition of PKD1 kinase domain with EDC crosslinking	2
PXD028246	2021-09-09	Human HEK293T cells LC-MS/MS (Gel-based proteomics)	2
PXD037493	2022-10-17	Confirmation of the binding site of spermine to ATP13A2 protein	2
PXD039125	2023-01-02	PerTurboID of Plasmofium falciparum cytoadhesion complex	2
PXD034894	2022-06-26	Integrative structure determination of an 85-kilodalton PTBP1-IRES complex in solution reveals a strong compaction with pronounced conformational flexibility	2
PXD037142	2022-10-03	Amuc_2172 tandem affinity purification LCMSMS	2
PXD045362	2023-09-13	Benefits of FAIMS to improve the proteome coverage of deteri-orated, and/or cross-linked TMT 10-plex FFPE tissue and plas-ma-derived exosomes samples	2
PXD045367	2023-09-13	Benefits of FAIMS to improve the proteome coverage of deteriorated, and/or cross-linked TMT 10-plex FFPE tissue and plas-ma-derived exosomes samples	2
PXD033244	2022-04-14	Calcium-dependent proximal biotinylation via Cal-ID	2
PXD039644	2023-01-25	Fibrillar osteoid niche mimicry through inclusion of visco-elastic and topographical cues	2
PXD040547	2023-03-02	Tissue-specific O-GlcNAcylation profiling reveals enrichment of ribosomal substrates in Drosophila mushroom body critical for associative learning	2
PXD035980	2022-08-11	Chemical crosslinking of the SPATA5-SPATA5L1-C1orf109-CINP complex	2
PXD038286	2022-11-22	Define the interactome of IBTK by Affinity purification coupled with mass spectrometry (AP-MS) and proximity-dependent biotinylation identification (BioID) methods	2
PXD051913	2024-05-01	Coimmunoprecipitation and following mass spectrometry analysis of EhRacJ	2
PXD048625	2024-01-17	The cross-linking mass spectrometry (CX-MS) results of Human TIP60 complex (hTIP60)	2
PXD047497	2023-12-04	Identification of proteins in ribosomal fractions isolated from sporulating Bacillus subtilis	2
PXD055235	2024-08-27	Identification the proteins interacted with ILF2 in human keratinocytes	2
PXD041135	2023-03-27	Two-factor authentication underpins the precision of piRNA-directed LINE1 DNA methylation	2
PXD059960	2025-01-20	Trifunctional lipid derivatives: PEs mi-tochondrial interactome	2
PXD049352	2024-02-13	Photoreceptor-induced LHL4 protects photosystem II in Chlamydomonas reinhardtii	2
PXD055077	2024-08-22	Epitope and paratope mapping of a SUMO-remnant antibody using cross-linking mass spectrometry and molecular docking	2
PXD053642	2024-07-04	Molecular structure of blue laccase BP76, a unique termite suicidal defense weapon	2
PXD059554	2025-01-08	Probing the trypanosome nuclear pore by TurboID proximity labelling – Part3	2
PXD047547	2023-12-05	The interaction between NLRP1 and oxidized TRX1 involves a transient disulfide bond: LC-MS/MS Dataset	2
PXD054140	2024-07-23	Nucleosomes gate cofactor access to the transcription factor p53 P53-pos8-NCP	2
PXD067324	2025-08-13	Structural study of human MRE11-RAD50-NBS1 (MRN) complex by crosslinking mass spectrometry	2
PXD058706	2024-12-09	HeLa cell protein interactome of polyamine affinity-based probes.	2
PXD060854	2025-02-17	Murine colon HUNTER N-terminomics	2
PXD069360	2025-10-12	Proteomic analysis of SKOV3 cells expressing wild-type and mutant IGF2BP2-TurboID	2
PXD054538	2024-08-02	Conserved hydrophilic checkpoints tune FocA-1 mediated formate:H+ symport	2
PXD069219	2025-10-08	Mapping the placental galectin-3 interactome identifies CD9 and ITGB1 as functional glycoprotein counter-receptors during syncytialization.	2
PXD006200	2017-03-29	R2TP_BioID-MS -  R2TP/Prefoldin-like component RUVBL1/RUVBL2 directly interacts with ZNHIT2 to regulate assembly of U5 small nuclear ribonucleoprotein	1
PXD014498	2019-07-05	Mechanism of pharmacochaperoning in ATP-sensitive potassium channels revealed by cryo-EM	1
PXD001677	2015-02-02	SIM-XL: a powerful and user-friendly tool for peptide cross-linking analysis	1
PXD001804	2015-02-10	Mucus proteome in Clca1-/- -  The Goblet Cell Protein Clca1 (Alias mClca3 or Gob-5) Is Not Required for Intestinal Mucus Synthesis, Structure and Barrier Function in Naive or DSS-Challenged Mice	1
PXD005575	2016-12-15	Structure of the Homodimeric Androgen Receptor Ligand-Binding Domain	1
PXD006928	2017-07-11	Human Mitochondrial NFS1-FXN XL LS-MS/MS	1
PXD006938	2017-07-11	Human Mitochondria NFS1-ISCU-FXN XL-MS	1
PXD013601	2019-04-23	Identification of MARCH2 E3 ligase-substrates using proximity-dependent biotin labeling method	1
PXD013873	2019-05-16	Mechanism of pharmacochaperoning in ATP-sensitive potassium channels revealed by cryo-EM	1
PXD017020	2020-01-09	Crosslinking mass spectrometry (CLMS) analysis of monoubiquitinated FANCD2-FANCI complex	1
PXD016988	2020-01-07	Identification of Stress Granule interactor proteins in yeast S. cerevisiae	1
PXD021648	2020-09-23	XL-MS data analysis with MeroX and XlinkX	1
PXD022119	2020-10-21	NALCN crosslinking experiments by BS3 crosslinker	1
PXD019043	2020-05-08	Rab1b-AMPylation by Legionella DrrA is allosterically activated by Rab1	1
PXD006143	2017-03-21	Amblyomma sculptum sialotranscriptome and proteome	1
PXD023522	2021-01-11	LinX - software for evaluation of CX-MS data	1
PXD022645	2020-11-20	RNA-mediated activity-based protein profiling reveals dihydrouridine modification on human mRNA	1
PXD019944	2020-06-22	study of protein-protein interaction by LC-MSMS(28)	1
PXD009128	2018-03-08	Human mitochondrial cysteine desulfurase complex data set 2	1
PXD027655	2022-05-04	Identification of proteins interacting with translating RPAC reporter mRNAs (FGH17)	1
PXD029365	2021-10-27	XL-MS data of trigger factor and GAPDH binding	1
PXD032821	2022-03-26	Improved peptide backbone fragmentation is the primary advantage of MS-cleavable crosslinkers	1
PXD030209	2021-12-06	XL-MS data of BAM and SurA binding	1
PXD030890	2022-01-11	Designing workflows for large-scale Omic Based biomarker identification for hepatocellular carcinoma	1
PXD037277	2022-10-10	Sacculi from E. coli strain MG1655 LC-MS/MS	1
PXD033960	2022-05-18	Confirmation of direct interaction between H3K56cr and GLYR1 by H3K*56cr Site-Link in living cells	1
PXD041519	2023-04-13	Orphan quality control shapes network dynamics and gene expression	1
PXD039939	2023-02-08	Identification of Cross-linking partners of BpA modified p97 by photo cross-linking MS	1
PXD042625	2023-06-01	Cross-linking mass spectrometry uncovers interactions between high-density lipoproteins and the SARS-CoV-2 spike glycoprotein	1
PXD039068	2022-12-22	Yeast Sis1 proximity labelling during heat shock	1
PXD038067	2022-11-09	Proximity labelling and LCMSMS analysis of spliceosome complexes using SUGP1-miniTurbo	1
PXD042584	2023-05-31	CXMS BS3 Ras/BRAF/MEK/1433 complex	1
PXD045856	2023-10-02	S. aureus peptidoglycan hydrolysis by mutanolsyin	1
PXD045859	2023-10-02	S. aureus peptidoglycan hydrolysis by mutanolysin and LytM catalytic domain	1
PXD045765	2023-09-28	Peptidoglycan from S. aureus digested with mutanolysin and lysostaphin catalytic domain	1
PXD037100	2022-09-30	Akkermansia muciniphila SEV-containing proteins smaller than 30 kDa	1
PXD029749	2021-11-15	A chemoproteomics approach to profile phospholipase D-derived phosphatidyl alcohol interactions	1
PXD044750	2023-08-22	Mapping Interactions of Calmodulin and nNOS by CXL-MS	1
PXD047378	2023-11-29	Human LD proteome identified by APEX2-mediated proximity labeling	1
PXD042549	2023-05-30	Denaturing mass photometry for rapid optimization of chemical protein-protein cross-linking reactions	1
PXD049300	2024-02-09	A novel interaction site determines binding between AP180 and AP2 in clathrin mediated endocytosis	1
PXD051024	2024-03-27	nano-LC/MS/MS analysis of Human Mesenteric lymph endogenous peptidome isolated from Inflammatory Bowel Disease (IBD) subjects.	1
PXD052923	2024-06-07	Crosslinking mass spectrometry analysis of the Trypanosoma brucei KKT23 complex	1
PXD053607	2024-07-03	A chaperone-assisted mechanism of outer mitochondrial membrane TOM70 insertion protective against diet-induced obesity	1
PXD059766	2025-01-14	ProteomeDiscover Crosslinking Complete Submission - HEK 293 XL fractions analysis	1
PXD048965	2024-01-29	Using the HA tagged PAICS immunoprecipitation combined with LC-MS for identification of the acetylation sites of PAICS protein in senescent human IMR90 cells at day 10 post oncogene RAS activation	1
PXD055759	2024-09-10	The molecular basis of integrated stress response silencing	1
PXD062002	2025-03-19	XL-MS of Sec18 and SNAREs in S. cerevisiae	1
PXD052867	2024-06-05	Pull-downs of non-crosslinked or in-cell SDA crosslinked FLAG-AK2-transfected 293 cells	1
PXD055356	2024-08-29	Cross-linked mass spectrometry for protein-protein interaction with cytotoxin	1
PXD063968	2025-05-15	The small but versatile DSS1 protein is required for proper Integrator-PP2A function	1
PXD063709	2025-05-07	LC-MS/MS analysis of Gd-IgA1 and secretary TfR1 cross-linked complex	1
PXD065444	2025-06-25	PATCH labeling in the BSA through ultrasound	1
PXD063633	2025-05-06	DSS induced colitis mice Astral-DIA	1
PXD066067	2025-07-11	Mechano-ID: proximity labeling of mechanically active receptors and cells	1
PXD057110	2024-10-23	Finding the LC3-interactors in senescent human A549 cells during influenza A virus infection	1
PXD055086	2024-08-22	Charting the dynamic trophoblast plasma membrane identifies LYN as a functional regulator of syncytialization (supplemental)	1
PRD000366	2010-12-20	Blumeria graminis f.sp. hordei  DH14 proteogenomics 2010	0
